sampleAudio.mp3;/Users/alex-adrienauger/Downloads
a2002011001-e02.wav;/Users/alex-adrienauger/Downloads
presence  humaine cage escalier apart .L.wav;/Volumes/Sonotheque Raph 1/Autres films/ prise de son homm libre/deplacement int /presence off
SILENCE INT APPART (paris.L.wav;
ecoulement eau discret+ fond robinet .L.wav;/Volumes/Sonotheque Raph 1/Autres films/ prise de son homm libre/eau 
fond air cave .L.wav;/Volumes/Sonotheque Raph 1/Autres films/ prise de son homm libre/fond air
voix hom comissariat off .L.wav;/Volumes/Sonotheque Raph 1/Autres films/ prise de son homm libre/humain int 
activitee bar rangement .L.wav;/Volumes/Sonotheque Raph 1/Autres films/ prise de son homm libre/vaisselle
Club Muscu R Brouhaha Discution Rires Hommes PM.L.wav;/Volumes/Sonotheque Raph 1/Autres films/ Salle de Muscu Raphael
Fond Air Labo ventil+Rev.L.wav;/Volumes/Sonotheque Raph 1/Autres films/52_SORTIE_OMF1_20juin/Audio Files
Pluie int rafales contre vitre-EFRT_01.L.wav;/Volumes/Sonotheque Raph 1/Autres films/52_SORTIE_OMF1_20juin/Audio Files
Hopital Bureau Infirmier Bureautique Preparation de dossier activitee off 5-1.wav;/Volumes/Sonotheque Raph 1/Hippocrate/Hopital St ANtoine 5-1/Bureau Infirmier
Hopital Chambre porte ouverte Medecin visite Malade 5-1.wav;/Volumes/Sonotheque Raph 1/Hippocrate/Hopital St ANtoine 5-1/Chambre
Hopital Conversation Off derrière porte coupe feu 2 5-1.wav;/Volumes/Sonotheque Raph 1/Hippocrate/Hopital St ANtoine 5-1/Couloir
FI buzz neon couloir de service sous sol 2 5-1.wav;/Volumes/Sonotheque Raph 1/Hippocrate/Hopital St ANtoine 5-1/Fond Int Neutre
Hopital Fond Int Chambre Vide 2 5-1.wav;/Volumes/Sonotheque Raph 1/Hippocrate/Hopital St ANtoine 5-1/Fond Int Neutre
COULOIR calme fd vx WT47.L.wav;/Volumes/Sonotheque Raph 1/Hippocrate/Sono pour hippo/couloir
Couloir discussions bureau internes off 1 hp.L.wav;/Volumes/Sonotheque Raph 1/Hippocrate/SSeuls Hippo/Couloir voix bruyant
APF09-56 Restaurant - petite foule - voix - bruit de vaisselle.wav;
APF09-59 Restaurant - foule bruyante - enfants au loin.wav;
TCF04-05 Foule - dans une eglise - ambiance generale - les gens s'agenouillent - murmures.wav;
S7006-04 Parking souterrain - ambiance generale.wav;
Circul douce int appart g.L.wav;
Fond air int hall musee+v.L.wav;
Presence foule int reverb.L;
LE_BUREAU SIL INT OPEN SPACE ALLUMAGE N�_ONS PL.wav;
SIL CHAMBRE HOTEL.L.wav;/Volumes/Sonotheque Raph 1/Autres films/MANON20 ans_EP1_2_3_161107 MS/Audio Files
INT passage MOB accompagnee d'1 grince porte.L.wav;/Volumes/Sonotheque Raph 1/Confession/788 confession/BONUS
FA INT JOUR oiseaux (1 repetitif+1tourterelle) + BELLE GRINCE FENETRE.L.wav;/Volumes/Sonotheque Raph 1/Confession/788 confession/MAISON BRIGITTE (chateau Ambesys)/Silence int
FA INT JOUR oiseaux doux SALON Cheminee (AMBESYS).L.wav;/Volumes/Sonotheque Raph 1/Confession/788 confession/MAISON BRIGITTE (chateau Ambesys)/Silence int
FA INT JOUR qq oiseaux SALON Cheminee (AMBESYS).L.wav;/Volumes/Sonotheque Raph 1/Confession/788 confession/MAISON BRIGITTE (chateau Ambesys)/Silence int
AIR int lourd 3012.L.wav;/Volumes/Sonotheque Raph 1/Confession/Sonotheque Confession/Bruno sonotheque/FA int
AIR int lourd large 3012.L.wav;/Volumes/Sonotheque Raph 1/Confession/Sonotheque Confession/Bruno sonotheque/FA int
INT MAISON vent fort sous fenetre 099.L.wav;/Volumes/Sonotheque Raph 1/Confession/Sonotheque Confession/Bruno sonotheque/FA int
SILENCE chambre JUNIOR (qq bruit ext volet) JNR.L.wav;/Volumes/Sonotheque Raph 1/Confession/Sonotheque Confession/Bruno sonotheque/FA int
SILENCE CHAMBRE VOUTEE EN PIERRE KH.L.wav;/Volumes/Sonotheque Raph 1/Confession/Sonotheque Confession/Bruno sonotheque/FA int
SILENCE INT APPART (paris nuit).L.wav;/Volumes/Sonotheque Raph 1/Confession/Sonotheque Confession/Bruno sonotheque/FA int
SILENCE INT CUISINE.L.wav;/Volumes/Sonotheque Raph 1/Confession/Sonotheque Confession/Bruno sonotheque/FA int
SILENCE INT JOUR APPENTI.L.wav;/Volumes/Sonotheque Raph 1/Confession/Sonotheque Confession/Bruno sonotheque/FA int
SILENCE INT large pur.L.wav;/Volumes/Sonotheque Raph 1/Confession/Sonotheque Confession/Bruno sonotheque/FA int
SILENCE INT MAISON (avec off cheminee discrete + belle grince au debut).L.wav;/Volumes/Sonotheque Raph 1/Confession/Sonotheque Confession/Bruno sonotheque/FA int
SILENCE INT MAISON (avec un canaris) JNR.L.wav;/Volumes/Sonotheque Raph 1/Confession/Sonotheque Confession/Bruno sonotheque/FA int
SILENCE INT MAISON (en fait un puit-attention une mouche vole en cours) KH.L.wav;/Volumes/Sonotheque Raph 1/Confession/Sonotheque Confession/Bruno sonotheque/FA int
SILENCE INT MAISON avec 2 OISEAUX TRISTES.L.wav;/Volumes/Sonotheque Raph 1/Confession/Sonotheque Confession/Bruno sonotheque/FA int
SILENCE INT MAISON DOUX OISEAUX tres leges.L.wav;/Volumes/Sonotheque Raph 1/Confession/Sonotheque Confession/Bruno sonotheque/FA int
SILENCE INT MAISON qq bruit vivant KH.L.wav;/Volumes/Sonotheque Raph 1/Confession/Sonotheque Confession/Bruno sonotheque/FA int
SILENCE INT MAISOUR jour (qq oiseaux tres discrets).L.wav;/Volumes/Sonotheque Raph 1/Confession/Sonotheque Confession/Bruno sonotheque/FA int
SILENCE INT venteux SALLE A MANGER DAW.L.wav;/Volumes/Sonotheque Raph 1/Confession/Sonotheque Confession/Bruno sonotheque/FA int
SILENCE JOUR INT SALON (1mouche-moment avec 1 oiseau) KH.L.wav;/Volumes/Sonotheque Raph 1/Confession/Sonotheque Confession/Bruno sonotheque/FA int
SILENCE LOURD INT APPART.L.wav;/Volumes/Sonotheque Raph 1/Confession/Sonotheque Confession/Bruno sonotheque/FA int
SILENCE MAISON CHAMBRE petite venteuse (nuit).L.wav;/Volumes/Sonotheque Raph 1/Confession/Sonotheque Confession/Bruno sonotheque/FA int
SILENCE MAISON JOUR matin (trace d'oiseaux au loin) BIEN.L.wav;/Volumes/Sonotheque Raph 1/Confession/Sonotheque Confession/Bruno sonotheque/FA int
couloir pieton gare Lausanne.m.wav;/Volumes/Sonotheque Raph 1/Confession/Sonotheque Confession/Bruno sonotheque/Ville
VX VOISIN off cage escalier  .L.wav;/Volumes/Sonotheque Raph 1/Confession/Sonotheque Confession/Bruno sonotheque/Ville
CourOff1.L.wav;/Volumes/Sonotheque Raph 1/Confession/Sonotheque Confession/Bruno sonotheque/Voix ext
FOULE calmePL salle Belem.L.wav;/Volumes/Sonotheque Raph 1/Confession/Sonotheque Confession/Bruno sonotheque/Voix Int
GROUPE vx PL reception aristo.L.wav;/Volumes/Sonotheque Raph 1/Confession/Sonotheque Confession/Bruno sonotheque/Voix Int
VX 20 pers anglais resto.L.wav;/Volumes/Sonotheque Raph 1/Confession/Sonotheque Confession/Bruno sonotheque/Voix Int
VX figu int calme.L.wav;/Volumes/Sonotheque Raph 1/Confession/Sonotheque Confession/Bruno sonotheque/Voix Int
VX figu int soirée animée.L.wav;/Volumes/Sonotheque Raph 1/Confession/Sonotheque Confession/Bruno sonotheque/Voix Int
VX foule int. large.L.wav;/Volumes/Sonotheque Raph 1/Confession/Sonotheque Confession/Bruno sonotheque/Voix Int
VX groupe anglais resto.L.wav;/Volumes/Sonotheque Raph 1/Confession/Sonotheque Confession/Bruno sonotheque/Voix Int
VX GROUPE calme INT large 2.L.wav;/Volumes/Sonotheque Raph 1/Confession/Sonotheque Confession/Bruno sonotheque/Voix Int
Silence Intérieur Eglise Vide (St Médard) - Cliquetis, Corbeaux au Loin, Passage Moteur.L.wav;/Volumes/Sonotheque Raph 1/Confession/Sonotheque Confession/Le Moine Dérushés
Silence Intérieur Eglise Vide (St Médard) - Sans Cliquetis, Corbeaux au Loin, Passage Moteur.L.wav;/Volumes/Sonotheque Raph 1/Confession/Sonotheque Confession/Le Moine Dérushés
Air large à l'intérier du donjon du chateau de villemonteix._0435.L.wav;/Volumes/Sonotheque Raph 1/Confession/Sonotheque Confession/Décodés
Silence intérieur église de St Médard petit corbeau très loin. Très vide. Très neutre 85.L.wav;/Volumes/Sonotheque Raph 1/Confession/Sonotheque Confession/SONS DESENTRELACES
Silence intérieur église de St Médard petit corbeau très loin. Très vide. Très neutre95.L.wav;/Volumes/Sonotheque Raph 1/Confession/Sonotheque Confession/SONS DESENTRELACES
Très petit feu de cheminé en pierre. un ou deux éclats_0655.L.wav;/Volumes/Sonotheque Raph 1/Confession/Sonotheque Confession/SONS DESENTRELACES
APPRT121 fond calme int.wav;/Volumes/Sonotheque Raph 1/Confession/Sonotheque Confession/sons pour confession dimitri/fonds d'air
APPRT122 fd silence banlieu.L.wav;/Volumes/Sonotheque Raph 1/Confession/Sonotheque Confession/sons pour confession dimitri/fonds d'air
APPRT126 maison fd neutre.L.wav;/Volumes/Sonotheque Raph 1/Confession/Sonotheque Confession/sons pour confession dimitri/fonds d'air
APPRT126 maison fd neutre.M.wav;/Volumes/Sonotheque Raph 1/Confession/Sonotheque Confession/sons pour confession dimitri/fonds d'air
APPRT156 fd sil int neutr.L.wav;/Volumes/Sonotheque Raph 1/Confession/Sonotheque Confession/sons pour confession dimitri/fonds d'air
APPRT172 maison camp fond.L.wav;/Volumes/Sonotheque Raph 1/Confession/Sonotheque Confession/sons pour confession dimitri/fonds d'air
APPRT257 silence ville vent.L.wav;/Volumes/Sonotheque Raph 1/Confession/Sonotheque Confession/sons pour confession dimitri/fonds d'air
APPRT296 fd sil cuisine.L.wav;/Volumes/Sonotheque Raph 1/Confession/Sonotheque Confession/sons pour confession dimitri/fonds d'air
APPRT309 sil int vent.L.wav;/Volumes/Sonotheque Raph 1/Confession/Sonotheque Confession/sons pour confession dimitri/fonds d'air
APPRT310 sil int pluie.L.wav;/Volumes/Sonotheque Raph 1/Confession/Sonotheque Confession/sons pour confession dimitri/fonds d'air
APPRT316 sil int neutre.L.wav;/Volumes/Sonotheque Raph 1/Confession/Sonotheque Confession/sons pour confession dimitri/fonds d'air
090 Rumeur cour int .L.wav;/Volumes/Sonotheque Raph 1/Confession/Sonotheque Sons seuls/Rue
048 Silence raccord.wav;/Volumes/Sonotheque Raph 1/Confession/Sonotheque Sons seuls/Silence racc
062 raccord buzz int.wav;/Volumes/Sonotheque Raph 1/Confession/Sonotheque Sons seuls/Silence racc
062 Silence racc.wav;/Volumes/Sonotheque Raph 1/Confession/Sonotheque Sons seuls/Silence racc
067FB silence racc.wav;/Volumes/Sonotheque Raph 1/Confession/Sonotheque Sons seuls/Silence racc
086 raccord buzz hotel salon.wav;/Volumes/Sonotheque Raph 1/Confession/Sonotheque Sons seuls/Silence racc
089 Silence Racc.wav;/Volumes/Sonotheque Raph 1/Confession/Sonotheque Sons seuls/Silence racc
013 brouhaha bar et applaus.L.wav;/Volumes/Sonotheque Raph 1/Confession/Sonotheque Sons seuls/Voix brouhaha foule
016 brouhaha voix anime int.L.wav;/Volumes/Sonotheque Raph 1/Confession/Sonotheque Sons seuls/Voix brouhaha foule
016 CRIS FETARDS pour farandole.L.wav;/Volumes/Sonotheque Raph 1/Confession/Sonotheque Sons seuls/Voix brouhaha foule
016 FETARDS BAL (WALLA ANIME de voix+rires+verres).L.wav;/Volumes/Sonotheque Raph 1/Confession/Sonotheque Sons seuls/Voix brouhaha foule
016-3 voix brouhaha sans music.L.wav;/Volumes/Sonotheque Raph 1/Confession/Sonotheque Sons seuls/Voix brouhaha foule
016-5 voix fete sans music.L.wav;/Volumes/Sonotheque Raph 1/Confession/Sonotheque Sons seuls/Voix brouhaha foule
016-5 voix fete sans music2.L.wav;/Volumes/Sonotheque Raph 1/Confession/Sonotheque Sons seuls/Voix brouhaha foule
019 billard et voix calmes.L.wav;/Volumes/Sonotheque Raph 1/Confession/Sonotheque Sons seuls/Voix brouhaha foule
019 conversations brouhaha calme.L.wav;/Volumes/Sonotheque Raph 1/Confession/Sonotheque Sons seuls/Voix brouhaha foule
019 DISCUSSION de 20 CONVIVES (assez calme-salon billard).L.wav;/Volumes/Sonotheque Raph 1/Confession/Sonotheque Sons seuls/Voix brouhaha foule
019 voix discussions douces salle billard.L.wav;/Volumes/Sonotheque Raph 1/Confession/Sonotheque Sons seuls/Voix brouhaha foule
019-1 pas presences salle billard.L.wav;/Volumes/Sonotheque Raph 1/Confession/Sonotheque Sons seuls/Voix brouhaha foule
022 Presence danseur valse2.L.wav;/Volumes/Sonotheque Raph 1/Confession/Sonotheque Sons seuls/Voix brouhaha foule
022 Presence danseurs valse.L.wav;/Volumes/Sonotheque Raph 1/Confession/Sonotheque Sons seuls/Voix brouhaha foule
023 FOULE WALLA INT (puis silence qui se fait + APPLOS + reprise) - (mic precis).wav;/Volumes/Sonotheque Raph 1/Confession/Sonotheque Sons seuls/Voix brouhaha foule
023 FOULE WALLA INT LARGE (puis silence qui se fait + APPLOS + reprise).L.wav;/Volumes/Sonotheque Raph 1/Confession/Sonotheque Sons seuls/Voix brouhaha foule
038C DANSE des villageois (avec rires et cris festifs).L.wav;/Volumes/Sonotheque Raph 1/Confession/Sonotheque Sons seuls/Voix brouhaha foule
038C DANSE des villageois (pas seuls).L.wav;/Volumes/Sonotheque Raph 1/Confession/Sonotheque Sons seuls/Voix brouhaha foule
038C DANSEURS presence raccord (confus et bordelique).wav;/Volumes/Sonotheque Raph 1/Confession/Sonotheque Sons seuls/Voix brouhaha foule
042 APPLOS FOULE INT THEATRE.L.wav;/Volumes/Sonotheque Raph 1/Confession/Sonotheque Sons seuls/Voix brouhaha foule
042 APPLOS FOULE THEATRE (OFF entendu du couloir).L.wav;/Volumes/Sonotheque Raph 1/Confession/Sonotheque Sons seuls/Voix brouhaha foule
042 FOULE VOIX (+ calme) COULOIR Theatre.L.wav;/Volumes/Sonotheque Raph 1/Confession/Sonotheque Sons seuls/Voix brouhaha foule
042 FOULE VOIX (dense et anime) COULOIR Theatre.L.wav;/Volumes/Sonotheque Raph 1/Confession/Sonotheque Sons seuls/Voix brouhaha foule
042 LOGE DESGENAIS papotage d'un groupe (silence pour arrivee d'Oscar).C1.wav;/Volumes/Sonotheque Raph 1/Confession/Sonotheque Sons seuls/Voix brouhaha foule
042 LOGE DESGENAIS papotage d'un groupe (silence pour arrivee d'Oscar).C2.wav;/Volumes/Sonotheque Raph 1/Confession/Sonotheque Sons seuls/Voix brouhaha foule
042 LOGE DESGENAIS papotage d'un groupe (silence pour arrivee d'Oscar).L.wav;/Volumes/Sonotheque Raph 1/Confession/Sonotheque Sons seuls/Voix brouhaha foule
043 Voix brouhaha et applaus gant.L.wav;/Volumes/Sonotheque Raph 1/Confession/Sonotheque Sons seuls/Voix brouhaha foule
044 Presence figuration endormie.L.wav;/Volumes/Sonotheque Raph 1/Confession/Sonotheque Sons seuls/Voix brouhaha foule
073 DISCUSSION d'un petit GROUPE de FIGURANTS(Bal pref).L.wav;/Volumes/Sonotheque Raph 1/Confession/Sonotheque Sons seuls/Voix brouhaha foule
073 PAS DANSEURS (bal prefecture) (magmatique).L.wav;/Volumes/Sonotheque Raph 1/Confession/Sonotheque Sons seuls/Voix brouhaha foule
081 FOULE COULOIR OPERA (serre puis elargi - fin entree en salle).L.wav;/Volumes/Sonotheque Raph 1/Confession/Sonotheque Sons seuls/Voix brouhaha foule
081 FOULE INT OPERA qui s'installe (voix larges puis silence) 2 prises.L.wav;/Volumes/Sonotheque Raph 1/Confession/Sonotheque Sons seuls/Voix brouhaha foule
0PG DEPLACEMENT Presence CONVIVES (parquet+tasse).L.wav;/Volumes/Sonotheque Raph 1/Confession/Sonotheque Sons seuls/Voix brouhaha foule
0PG DEPLACEMENT+PRESENCES des CONVIVES (parquet).L.wav;/Volumes/Sonotheque Raph 1/Confession/Sonotheque Sons seuls/Voix brouhaha foule
0PG LES CONVIVES vont s'attabler + DICUSSION a table.L.wav;/Volumes/Sonotheque Raph 1/Confession/Sonotheque Sons seuls/Voix brouhaha foule
0PG WALLA INT des CONVIVES (english).L.wav;/Volumes/Sonotheque Raph 1/Confession/Sonotheque Sons seuls/Voix brouhaha foule
0PG WALLA INT DIFFUS large CONVIVES attables.L.wav;/Volumes/Sonotheque Raph 1/Confession/Sonotheque Sons seuls/Voix brouhaha foule
0PG WALLA LARGE des CONVIVES (english).L.wav;/Volumes/Sonotheque Raph 1/Confession/Sonotheque Sons seuls/Voix brouhaha foule
Z 43-1-1 FOULE VOIX large SALON (differents moments.L.wav;/Volumes/Sonotheque Raph 1/Confession/Sonotheque Sons seuls/Voix brouhaha foule
Z 43-1-2 FOULE VOIX large SALON + CANTATRICE.L.wav;/Volumes/Sonotheque Raph 1/Confession/Sonotheque Sons seuls/Voix brouhaha foule
Z 43-1-3 GROUPE VOIX large SALON.L.wav;/Volumes/Sonotheque Raph 1/Confession/Sonotheque Sons seuls/Voix brouhaha foule
Z 43-1-4 FOULE VOIX PM SALON anime (rires au milieu).L.wav;/Volumes/Sonotheque Raph 1/Confession/Sonotheque Sons seuls/Voix brouhaha foule
Z 43-1-5 FOULE VOIX PM SALON anime (rires en fin).L.wav;/Volumes/Sonotheque Raph 1/Confession/Sonotheque Sons seuls/Voix brouhaha foule
Z 43-2-1 FOULE VOIX SALON (rires milieu - applos en fin).L.wav;/Volumes/Sonotheque Raph 1/Confession/Sonotheque Sons seuls/Voix brouhaha foule
Chambre Montréal_Trains 022-Z3K2_01.L.wav;/Volumes/Sonotheque Raph 1/American Honey/REEL1 2 4 5 6 7 8 V4 AH pour ecoute/Audio Files
Chambre Montréal_Trains 022-Z3K2_02.L.wav;/Volumes/Sonotheque Raph 1/American Honey/REEL1 2 4 5 6 7 8 V4 AH pour ecoute/Audio Files
Chambre Montréal_Trains 022-Z3K2_03.L.wav;/Volumes/Sonotheque Raph 1/American Honey/REEL1 2 4 5 6 7 8 V4 AH pour ecoute/Audio Files
Chambre Montréal_Trains 022-Z3K2_04.L.wav;/Volumes/Sonotheque Raph 1/American Honey/REEL1 2 4 5 6 7 8 V4 AH pour ecoute/Audio Files
Chambre Montréal_Trains 022-Z3K2_05.L.wav;/Volumes/Sonotheque Raph 1/American Honey/REEL1 2 4 5 6 7 8 V4 AH pour ecoute/Audio Files
Chambre Montréal_Trains 022-Z3K2_06.L.wav;/Volumes/Sonotheque Raph 1/American Honey/REEL1 2 4 5 6 7 8 V4 AH pour ecoute/Audio Files
Chambre Montréal_Trains 022-Z3K2_07.L.wav;/Volumes/Sonotheque Raph 1/American Honey/REEL1 2 4 5 6 7 8 V4 AH pour ecoute/Audio Files
Chambre Montréal_Trains 022-Z3K2_08.L.wav;/Volumes/Sonotheque Raph 1/American Honey/REEL1 2 4 5 6 7 8 V4 AH pour ecoute/Audio Files
Chambre Montréal_Trains 022-Z3K2_09.L.wav;/Volumes/Sonotheque Raph 1/American Honey/REEL1 2 4 5 6 7 8 V4 AH pour ecoute/Audio Files
Chambre Montréal_Trains 022-Z3K2_10.L.wav;/Volumes/Sonotheque Raph 1/American Honey/REEL1 2 4 5 6 7 8 V4 AH pour ecoute/Audio Files
Chambre Montréal_Trains 022-Z3K2_11.L.wav;/Volumes/Sonotheque Raph 1/American Honey/REEL1 2 4 5 6 7 8 V4 AH pour ecoute/Audio Files
Chambre Montréal_Trains 022-Z3K2_12.L.wav;/Volumes/Sonotheque Raph 1/American Honey/REEL1 2 4 5 6 7 8 V4 AH pour ecoute/Audio Files
Chambre Montréal_Trains 022-Z3K2_13.L.wav;/Volumes/Sonotheque Raph 1/American Honey/REEL1 2 4 5 6 7 8 V4 AH pour ecoute/Audio Files
Chambre Montréal_Trains 022-Z3K2_14.L.wav;/Volumes/Sonotheque Raph 1/American Honey/REEL1 2 4 5 6 7 8 V4 AH pour ecoute/Audio Files
Chambre Montréal_Trains 022-Z3K2_15.L.wav;/Volumes/Sonotheque Raph 1/American Honey/REEL1 2 4 5 6 7 8 V4 AH pour ecoute/Audio Files
Int courant air siffle.L.wav;/Volumes/Sonotheque Raph 1/American Honey/REEL1 2 4 5 6 7 8 V4 AH pour ecoute/Audio Files
Néon buzz constant présent 1.L.wav;/Volumes/Sonotheque Raph 1/American Honey/REEL1 2 4 5 6 7 8 V4 AH pour ecoute/Audio Files
int nuit insecte .L.wav;/Volumes/Sonotheque Raph 1/American Honey/REEL1 2 4 5 6 7 8 V4 AH pour ecoute/Audio Files
FD AIR INT EXT MS-NTYT_01.L.wav;/Volumes/Sonotheque Raph 1/American Honey/REEL1 2 4 5 6 7 8 V4 AH pour ecoute/Audio Files
Supermarché Côté Caisses.L.wav;/Volumes/Sonotheque Raph 1/American Honey/REEL1 2 4 5 6 7 8 V4 AH pour ecoute/Audio Files
Chambre Lino Sil. 026 StAB-aMSl_01.L.wav;/Volumes/Sonotheque Raph 1/American Honey/REEL1 2 4 5 6 7 8 V4 AH pour ecoute/Audio Files
Supermarche frigos 1.L.wav;/Volumes/Sonotheque Raph 1/American Honey/REEL1 2 4 5 6 7 8 V4 AH pour ecoute/Audio Files
GRANDE SALLE DES ANTIQUIT-EFRN_01.L.wav;/Volumes/Sonotheque Raph 1/American Honey/REEL1 2 4 5 6 7 8 V4 AH pour ecoute/Audio Files
SuperMarche caisses 2.L.wav;/Volumes/Sonotheque Raph 1/American Honey/REEL1 2 4 5 6 7 8 V4 AH pour ecoute/Audio Files
SuperMarche caisses 3.L.wav;/Volumes/Sonotheque Raph 1/American Honey/REEL1 2 4 5 6 7 8 V4 AH pour ecoute/Audio Files
Supermarché Allée Côté Ca.L.wav;/Volumes/Sonotheque Raph 1/American Honey/REEL1 2 4 5 6 7 8 V4 AH pour ecoute/Audio Files
fond oiseau int salon.L.wav;/Volumes/Sonotheque Raph 1/American Honey/REEL1 2 4 5 6 7 8 V4 AH pour ecoute/Audio Files
BBS077-004 Int maison frigo.L.wav;/Volumes/Sonotheque Raph 1/American Honey/REEL1 2 4 5 6 7 8 V4 AH pour ecoute/Audio Files
Int maison frigo-aMSl_01.L.wav;/Volumes/Sonotheque Raph 1/American Honey/REEL1 2 4 5 6 7 8 V4 AH pour ecoute/Audio Files
021 AS0083 station service frigo int comp.L.wav;/Volumes/Sonotheque Raph 1/American Honey/REEL1 2 4 5 6 7 8 V4 AH pour ecoute/Audio Files
oiseaux int chambre.L.wav;/Volumes/Sonotheque Raph 1/American Honey/REEL1 2 4 5 6 7 8 V4 AH pour ecoute/Audio Files
Fond circul doux et avion int salle montage.L.wav;/Volumes/Sonotheque Raph 1/Breves de comptoir/Breves de comptoir AMB FX Mix def 140131/Audio Files
Café bar voix fourni activite resto2.L.wav;/Volumes/Sonotheque Raph 1/Breves de comptoir/Breves de comptoir AMB FX Mix def 140131/Audio Files
Café bar voix fourni activite resto.L.wav;/Volumes/Sonotheque Raph 1/Breves de comptoir/Breves de comptoir AMB FX Mix def 140131/Audio Files
Silence Int+ Légère PrésenceM-EFRT_01.L.wav;/Volumes/Sonotheque Raph 1/Breves de comptoir/Breves de comptoir AMB FX Mix def 140131/Audio Files
Cafe rangement couvert activite bar.L.wav;/Volumes/Sonotheque Raph 1/Breves de comptoir/Breves de comptoir AMB FX Mix def 140131/Audio Files
Cafe restau voix fourni 2.L.wav;/Volumes/Sonotheque Raph 1/Breves de comptoir/Breves de comptoir AMB FX Mix def 140131/Audio Files
Café Jean Calme  Versail 1.L.wav;/Volumes/Sonotheque Raph 1/Breves de comptoir/ SONOTHEQUE BDC/Café Versailles Jean U
EGLISE Messe Chant+orgue (Turin) ITA-AVrT_01.L.wav;/Volumes/Sonotheque Raph 1/Breves de comptoir/Breves de comptoir AMB FX Mix def 140131/Audio Files
Cafe fond air int.L.wav;/Volumes/Sonotheque Raph 1/Breves de comptoir/Breves de comptoir AMB FX Mix def 140131/Audio Files
Cafe manip bar PR.L.wav;/Volumes/Sonotheque Raph 1/Breves de comptoir/Breves de comptoir AMB FX Mix def 140131/Audio Files
Cafe restau voix PM serveuse.L.wav;/Volumes/Sonotheque Raph 1/Breves de comptoir/Breves de comptoir AMB FX Mix def 140131/Audio Files
Cafe restau voix fourni.L.wav;/Volumes/Sonotheque Raph 1/Breves de comptoir/Breves de comptoir AMB FX Mix def 140131/Audio Files
Cafe rangement salle PL et activite bar PM.L.wav;/Volumes/Sonotheque Raph 1/Breves de comptoir/Breves de comptoir AMB FX Mix def 140131/Audio Files
Café Voix Calmes Fig MONO PAR.wav;/Volumes/Sonotheque Raph 1/Breves de comptoir/ SONOTHEQUE BDC/CAFE AMELIE J Umansky
Café Voix Calmes Fig STER PAR.L.wav;/Volumes/Sonotheque Raph 1/Breves de comptoir/ SONOTHEQUE BDC/CAFE AMELIE J Umansky
Café M2 Legeres Présences AB.L.wav;/Volumes/Sonotheque Raph 1/Breves de comptoir/ SONOTHEQUE BDC/ Cafe, Bar, Bistrot
Café M2 Legeres Présences AB.L.wav;/Volumes/Sonotheque Raph 1/Breves de comptoir/Breves de comptoir AMB FX Mix def 140131/Audio Files
023 FOULE WALLA INT LARGE (puis silence qui se fait + APPLOS + reprise).L.wav;/Volumes/Sonotheque Raph 1/Breves de comptoir/Breves de comptoir AMB FX Mix def 140131/Audio Files
fond lourd cafe rev.L.wav;/Volumes/Sonotheque Raph 1/Breves de comptoir/Breves de comptoir AMB FX Mix def 140131/Audio Files
Café Présences+qqVoix 055BP.L.wav;/Volumes/Sonotheque Raph 1/Breves de comptoir/ SONOTHEQUE BDC/CAFE AMELIE J Umansky
Café Présences+qqVoix 055BP.L.wav;/Volumes/Sonotheque Raph 1/Breves de comptoir/ SONOTHEQUE BDC/Café Versailles Jean U
Fond appart salon nuit PART.wav;/Volumes/Sonotheque Raph 1/Breves de comptoir/ SONOTHEQUE BDC/ Fond Int
Cafe presences calmes.L.wav;/Volumes/Sonotheque Raph 1/Breves de comptoir/Breves de comptoir AMB FX Mix def 140131/Audio Files
BAR, toutes activités seules 1;/Volumes/Sonotheque Raph 1/Breves de comptoir/ SONOTHEQUE BDC/SONO resto Steph
INT BAR DIVERSES ACTIVITES;/Volumes/Sonotheque Raph 1/Breves de comptoir/ SONOTHEQUE BDC/SONO resto Steph
Gare M Calme Fond Général 5.L.wav;/Volumes/Sonotheque Raph 1/Breves de comptoir/Breves de comptoir AMB FX Mix def 140131/Audio Files
Cafe rangements et lavage cuisine PL.L.wav;/Volumes/Sonotheque Raph 1/Breves de comptoir/Breves de comptoir AMB FX Mix def 140131/Audio Files
010 FIGU Mixte BAR CONVERSATION Calme PL, Amb Racc - Rires, Toux, Verres, Manip Bar - Perche 1 (L).wav;/Volumes/Sonotheque Raph 1/Breves de comptoir/ SONOTHEQUE BDC/Sons Seuls BDC
010 FIGU Mixte BAR CONVERSATION Calme PL, Amb Racc - Rires, Toux, Verres, Manip Bar - Perche 2 (R).wav;/Volumes/Sonotheque Raph 1/Breves de comptoir/ SONOTHEQUE BDC/Sons Seuls BDC
010 FIGU Mixte BAR CONVERSATION Calme PL, Amb Racc - Rires, Toux, Verres, Manip Bar.L.wav;/Volumes/Sonotheque Raph 1/Breves de comptoir/ SONOTHEQUE BDC/Sons Seuls BDC
010H FIGU Mixte BROUHAHA CALME Arriere Salle Restau - Rires, Toux, Verres, Couverts - Perche 1 (L).wav;/Volumes/Sonotheque Raph 1/Breves de comptoir/ SONOTHEQUE BDC/Sons Seuls BDC
010H FIGU Mixte BROUHAHA CALME Arriere Salle Restau - Rires, Toux, Verres, Couverts - Perche 2 (R).wav;/Volumes/Sonotheque Raph 1/Breves de comptoir/ SONOTHEQUE BDC/Sons Seuls BDC
010H FIGU Mixte BROUHAHA CALME Arriere Salle Restau - Rires, Toux, Verres, Couverts.L.wav;/Volumes/Sonotheque Raph 1/Breves de comptoir/ SONOTHEQUE BDC/Sons Seuls BDC
010H FIGU Mixte BROUHAHA CALME Arriere Salle Restau - Rires, Toux, Verres, Couverts - Perche 1 (L).wav;/Volumes/Sonotheque Raph 1/Breves de comptoir/Breves de comptoir AMB FX Mix def 140131/Audio Files
010H FIGU Mixte BROUHAHA CALME Arriere Salle Restau - Rires, Toux, Verres, Couverts.L.wav;/Volumes/Sonotheque Raph 1/Breves de comptoir/Breves de comptoir AMB FX Mix def 140131/Audio Files
010 FIGU Mixte BAR CONVERSATION + Calme, Amb Racc - Rires, Toux, Verres, Manip Bar - Perche 1 (L).wav;/Volumes/Sonotheque Raph 1/Breves de comptoir/ SONOTHEQUE BDC/Sons Seuls BDC
010 FIGU Mixte BAR CONVERSATION + Calme, Amb Racc - Rires, Toux, Verres, Manip Bar - Perche 2 (R).1.wav;/Volumes/Sonotheque Raph 1/Breves de comptoir/ SONOTHEQUE BDC/Sons Seuls BDC
010 FIGU Mixte BAR CONVERSATION + Calme, Amb Racc - Rires, Toux, Verres, Manip Bar - Perche 2 (R).wav;/Volumes/Sonotheque Raph 1/Breves de comptoir/ SONOTHEQUE BDC/Sons Seuls BDC
010 FIGU Mixte BAR CONVERSATION + Calme, Amb Racc - Rires, Toux, Verres, Manip Bar.L.wav;/Volumes/Sonotheque Raph 1/Breves de comptoir/ SONOTHEQUE BDC/Sons Seuls BDC
010 FIGU Mixte BAR CONVERSATION + Calme, Amb Racc - Rires, Toux, Verres, Manip Bar - Perche 1 (L).wav;/Volumes/Sonotheque Raph 1/Breves de comptoir/Breves de comptoir AMB FX Mix def 140131/Audio Files
010 FIGU Mixte BAR CONVERSATION + Calme, Amb Racc - Rires, Toux, Verres, Manip Bar - Perche 2 (R).wav;/Volumes/Sonotheque Raph 1/Breves de comptoir/Breves de comptoir AMB FX Mix def 140131/Audio Files
010 FIGU Mixte BAR CONVERSATION + Calme, Amb Racc - Rires, Toux, Verres, Manip Bar.L.wav;/Volumes/Sonotheque Raph 1/Breves de comptoir/Breves de comptoir AMB FX Mix def 140131/Audio Files
Rumeur ville int appart sur cour.L.wav;/Volumes/Sonotheque Raph 1/Breves de comptoir/ SONOTHEQUE BDC/ Fond Int
Rumeur ville int appart sur cour.L.wav;/Volumes/Sonotheque Raph 1/Breves de comptoir/Breves de comptoir AMB FX Mix def 140131/Audio Files
int apprt oisx+avion+prsce-EFRT_01.L.wav;/Volumes/Sonotheque Raph 1/Breves de comptoir/Breves de comptoir AMB FX Mix def 140131/Audio Files
int apprt oisx+avion+prsce-EFRT_02.L.wav;/Volumes/Sonotheque Raph 1/Breves de comptoir/Breves de comptoir AMB FX Mix def 140131/Audio Files
Cafe presences calmes2 .L.wav;/Volumes/Sonotheque Raph 1/Breves de comptoir/Breves de comptoir AMB FX Mix def 140131/Audio Files
SILENCE INT APPART (paris nuit)-EFRT_26.L.wav;/Volumes/Sonotheque Raph 1/Breves de comptoir/Breves de comptoir AMB FX Mix def 140131/Audio Files
Silence Int+ Légère PrésenceM.L.wav;/Volumes/Sonotheque Raph 1/Breves de comptoir/Breves de comptoir AMB FX Mix def 140131/Audio Files
Silence Reserve Musée Gd Décors 0114.L.wav;/Volumes/Sonotheque Raph 1/Breves de comptoir/Breves de comptoir AMB FX Mix def 140131/Audio Files
Café Conversations autre axeM.L.wav;/Volumes/Sonotheque Raph 1/Breves de comptoir/Breves de comptoir AMB FX Mix def 140131/Audio Files
Groupe Presences & Chuchotis.1.L.wav;/Volumes/Sonotheque Raph 1/Breves de comptoir/Breves de comptoir AMB FX Mix def 140131/Audio Files
GROUPE Presences & Chuchotis.L.wav;/Volumes/Sonotheque Raph 1/Breves de comptoir/Breves de comptoir AMB FX Mix def 140131/Audio Files
Silence Int trés Large M.1.L.wav;/Volumes/Sonotheque Raph 1/Breves de comptoir/Breves de comptoir AMB FX Mix def 140131/Audio Files
Fond Air Large Intérieur Donjon du Château de Villemonteix - petits chocs off, roucoulements.L.wav;/Volumes/Sonotheque Raph 1/Breves de comptoir/Breves de comptoir AMB FX Mix def 140131/Audio Files
SILENCE INT BAR fd circu calme FLB.L.wav;/Volumes/Sonotheque Raph 1/Breves de comptoir/Breves de comptoir AMB FX Mix def 140131/Audio Files
Int appart fond circul doux.L.wav;/Volumes/Sonotheque Raph 1/Breves de comptoir/ SONOTHEQUE BDC/ Fond Int
EGLISE Messe preche curé (Turin) ITA-AVrT_01.L.wav;/Volumes/Sonotheque Raph 1/Breves de comptoir/Breves de comptoir AMB FX Mix def 140131/Audio Files
chauffage vibre int grotte-EFRT_01.L.wav;/Volumes/Sonotheque Raph 1/Breves de comptoir/Breves de comptoir AMB FX Mix def 140131/Audio Files
045 Discussions bar Calmes.wav;/Volumes/Sonotheque Raph 1/Breves de comptoir/ SONOTHEQUE BDC/ Foule, Figu
045 Discussions bar Calmes.1.wav;/Volumes/Sonotheque Raph 1/Breves de comptoir/Breves de comptoir AMB FX Mix def 140131/Audio Files
063 FD SILENCE salle.L.wav;/Volumes/Sonotheque Raph 1/Breves de comptoir/Breves de comptoir AMB FX Mix def 140131/Audio Files
GENS MANGENT SANS PAROLE P1 1;/Volumes/Sonotheque Raph 1/Breves de comptoir/ SONOTHEQUE BDC/SONO resto Steph
GENS MANGENT SANS PAROLE P2 1;/Volumes/Sonotheque Raph 1/Breves de comptoir/ SONOTHEQUE BDC/SONO resto Steph
GENS MANGENT SANS PAROLE P1 1.wav;/Volumes/Sonotheque Raph 1/Breves de comptoir/Breves de comptoir AMB FX Mix def 140131/Audio Files
GENS MANGENT SANS PAROLE P2 1.wav;/Volumes/Sonotheque Raph 1/Breves de comptoir/Breves de comptoir AMB FX Mix def 140131/Audio Files
Café Silencieux EQ MONOPARAL.wav;/Volumes/Sonotheque Raph 1/Breves de comptoir/ SONOTHEQUE BDC/CAFE AMELIE J Umansky
Café Silencieux EQ STERPARAL.L.wav;/Volumes/Sonotheque Raph 1/Breves de comptoir/ SONOTHEQUE BDC/CAFE AMELIE J Umansky
Silence INT trés LARGE Hangar C.wav;/Volumes/Sonotheque Raph 1/Breves de comptoir/Breves de comptoir AMB FX Mix def 140131/Audio Files
TOILETTES - Ventil assez lourde + leger buzz neon.L.wav;/Volumes/Sonotheque Raph 1/Breves de comptoir/ SONOTHEQUE BDC/ Fond Int
Commissariat Appart Bureau Nuit Rumeur Int Circul EQ.L.wav;/Volumes/Sonotheque Raph 1/Breves de comptoir/ SONOTHEQUE BDC/ Fond Int
Café Bruits Bar EQ.L.wav;/Volumes/Sonotheque Raph 1/Breves de comptoir/ SONOTHEQUE BDC/ Cafe, Bar, Bistrot
Café Bruits Bar MONOPARAL EQ.wav;/Volumes/Sonotheque Raph 1/Breves de comptoir/ SONOTHEQUE BDC/CAFE AMELIE J Umansky
Café Bruits Bar STERPARAL EQ.L.wav;/Volumes/Sonotheque Raph 1/Breves de comptoir/ SONOTHEQUE BDC/CAFE AMELIE J Umansky
Café Bruits Bar EQ.L.wav;/Volumes/Sonotheque Raph 1/Breves de comptoir/Breves de comptoir AMB FX Mix def 140131/Audio Files
SILENCE open space.L.wav;/Volumes/Sonotheque Raph 1/Breves de comptoir/Breves de comptoir AMB FX Mix def 140131/Audio Files
SILENCE INT APPART (1 beau passage off voiture) FLB.L.wav;/Volumes/Sonotheque Raph 1/Breves de comptoir/Breves de comptoir AMB FX Mix def 140131/Audio Files
VOIX feutrées café pm 3;/Volumes/Sonotheque Raph 1/Breves de comptoir/ SONOTHEQUE BDC/SONO resto Steph
Rumeur ville int appart sur cour-EFRT_04.L.wav;/Volumes/Sonotheque Raph 1/Breves de comptoir/Breves de comptoir AMB FX Mix def 140131/Audio Files
GROUPE Presences & Chuchotis-EFRT_01.L.wav;/Volumes/Sonotheque Raph 1/Breves de comptoir/Breves de comptoir AMB FX Mix def 140131/Audio Files
neon large amb parking vide.wav;/Volumes/Sonotheque Raph 1/Breves de comptoir/Breves de comptoir AMB FX Mix def 140131/Audio Files
SILENCE INT APPART (paris nuit)-EFRT_11.L.wav;/Volumes/Sonotheque Raph 1/Breves de comptoir/Breves de comptoir AMB FX Mix def 140131/Audio Files
Silence Int trés Large-EFRT_06.L.wav;/Volumes/Sonotheque Raph 1/Breves de comptoir/Breves de comptoir AMB FX Mix def 140131/Audio Files
RESTAURANT BRUIT COUVERT.L;/Volumes/Sonotheque Raph 1/Breves de comptoir/ SONOTHEQUE BDC/SONO resto Steph
NOIMOUTIERS salle voix légères 1;/Volumes/Sonotheque Raph 1/Breves de comptoir/ SONOTHEQUE BDC/SONO resto Steph
Imprimerie silence 2.1.L.wav;/Volumes/Sonotheque Raph 1/Breves de comptoir/Breves de comptoir AMB FX Mix def 140131/Audio Files
Imprimerie silence 2.L.wav;/Volumes/Sonotheque Raph 1/Breves de comptoir/Breves de comptoir AMB FX Mix def 140131/Audio Files
pluie int douce vitre.L.wav;/Volumes/Sonotheque Raph 1/Breves de comptoir/Breves de comptoir AMB FX Mix def 140131/Audio Files
012 APPART PARISIEN sur rue jour (qq voiture off+voix).L.wav;/Volumes/Sonotheque Raph 1/Breves de comptoir/ SONOTHEQUE BDC/ Fond Int
Silence int gare 02 nettement moins reverberant.L.wav;/Volumes/Sonotheque Raph 1/Breves de comptoir/Breves de comptoir AMB FX Mix def 140131/Audio Files
044 Presence figuration endormie.L.wav;/Volumes/Sonotheque Raph 1/Breves de comptoir/Breves de comptoir AMB FX Mix def 140131/Audio Files
010J DISCUSSION Calme Groupe Mixte Monofixe PL - Perche 1 (L).wav;/Volumes/Sonotheque Raph 1/Breves de comptoir/ SONOTHEQUE BDC/Sons Seuls BDC
010J DISCUSSION Calme Groupe Mixte Monofixe PL - Perche 2 (R).wav;/Volumes/Sonotheque Raph 1/Breves de comptoir/ SONOTHEQUE BDC/Sons Seuls BDC
010J DISCUSSION Calme Groupe Mixte Monofixe PL.L.wav;/Volumes/Sonotheque Raph 1/Breves de comptoir/ SONOTHEQUE BDC/Sons Seuls BDC
010J DISCUSSION Calme Groupe Mixte Monofixe PL - Perche 1 (L).wav;/Volumes/Sonotheque Raph 1/Breves de comptoir/Breves de comptoir AMB FX Mix def 140131/Audio Files
010J DISCUSSION Calme Groupe Mixte Monofixe PL - Perche 2 (R).wav;/Volumes/Sonotheque Raph 1/Breves de comptoir/Breves de comptoir AMB FX Mix def 140131/Audio Files
parloir voix chuchotent (3 femmes) FLB-AVrP_01.wav;/Volumes/Sonotheque Raph 1/Breves de comptoir/Breves de comptoir AMB FX Mix def 140131/Audio Files
parloir voix chuchotent (3 femmes) FLB.wav;/Volumes/Sonotheque Raph 1/Breves de comptoir/Breves de comptoir AMB FX Mix def 140131/Audio Files
Voix Feutre Calme Bar .wav;/Volumes/Sonotheque Raph 1/Breves de comptoir/ SONOTHEQUE BDC/ Foule, Figu
010X Discussion Brouhaha FIGU 2 Mixte ARRET NET puis Reprise, Amb Racc (Deseauilibre LR).L.wav;/Volumes/Sonotheque Raph 1/Breves de comptoir/ SONOTHEQUE BDC/Sons Seuls BDC
010X Discussion Brouhaha FIGU 2 Mixte ARRET NET puis Reprise, Amb Racc - Perche 1.wav;/Volumes/Sonotheque Raph 1/Breves de comptoir/ SONOTHEQUE BDC/Sons Seuls BDC
010X Discussion Brouhaha FIGU 2 Mixte ARRET NET puis Reprise, Amb Racc - Perche 2.wav;/Volumes/Sonotheque Raph 1/Breves de comptoir/ SONOTHEQUE BDC/Sons Seuls BDC
Rumeur Leg Int Ville Loin Net.L.wav;/Volumes/Sonotheque Raph 1/Breves de comptoir/ SONOTHEQUE BDC/ Fond Int
INT passage MOB accompagnee d'1 grince porte.L.wav;/Volumes/Sonotheque Raph 1/Confession/788 confession/BONUS
FA INT JOUR oiseaux (1 repetitif+1tourterelle) + BELLE GRINCE FENETRE.L.wav;/Volumes/Sonotheque Raph 1/Confession/788 confession/MAISON BRIGITTE (chateau Ambesys)/Silence int
FA INT JOUR oiseaux doux SALON Cheminee (AMBESYS).L.wav;/Volumes/Sonotheque Raph 1/Confession/788 confession/MAISON BRIGITTE (chateau Ambesys)/Silence int
FA INT JOUR qq oiseaux SALON Cheminee (AMBESYS).L.wav;/Volumes/Sonotheque Raph 1/Confession/788 confession/MAISON BRIGITTE (chateau Ambesys)/Silence int
AIR int lourd 3012.L.wav;/Volumes/Sonotheque Raph 1/Confession/Sonotheque Confession/Bruno sonotheque/FA int
AIR int lourd large 3012.L.wav;/Volumes/Sonotheque Raph 1/Confession/Sonotheque Confession/Bruno sonotheque/FA int
INT MAISON vent fort sous fenetre 099.L.wav;/Volumes/Sonotheque Raph 1/Confession/Sonotheque Confession/Bruno sonotheque/FA int
SILENCE chambre JUNIOR (qq bruit ext volet) JNR.L.wav;/Volumes/Sonotheque Raph 1/Confession/Sonotheque Confession/Bruno sonotheque/FA int
SILENCE CHAMBRE VOUTEE EN PIERRE KH.L.wav;/Volumes/Sonotheque Raph 1/Confession/Sonotheque Confession/Bruno sonotheque/FA int
SILENCE INT APPART (paris nuit).L.wav;/Volumes/Sonotheque Raph 1/Confession/Sonotheque Confession/Bruno sonotheque/FA int
SILENCE INT CUISINE.L.wav;/Volumes/Sonotheque Raph 1/Confession/Sonotheque Confession/Bruno sonotheque/FA int
SILENCE INT JOUR APPENTI.L.wav;/Volumes/Sonotheque Raph 1/Confession/Sonotheque Confession/Bruno sonotheque/FA int
SILENCE INT large pur.L.wav;/Volumes/Sonotheque Raph 1/Confession/Sonotheque Confession/Bruno sonotheque/FA int
SILENCE INT MAISON (avec off cheminee discrete + belle grince au debut).L.wav;/Volumes/Sonotheque Raph 1/Confession/Sonotheque Confession/Bruno sonotheque/FA int
SILENCE INT MAISON (avec un canaris) JNR.L.wav;/Volumes/Sonotheque Raph 1/Confession/Sonotheque Confession/Bruno sonotheque/FA int
SILENCE INT MAISON (en fait un puit-attention une mouche vole en cours) KH.L.wav;/Volumes/Sonotheque Raph 1/Confession/Sonotheque Confession/Bruno sonotheque/FA int
SILENCE INT MAISON avec 2 OISEAUX TRISTES.L.wav;/Volumes/Sonotheque Raph 1/Confession/Sonotheque Confession/Bruno sonotheque/FA int
SILENCE INT MAISON DOUX OISEAUX tres leges.L.wav;/Volumes/Sonotheque Raph 1/Confession/Sonotheque Confession/Bruno sonotheque/FA int
SILENCE INT MAISON qq bruit vivant KH.L.wav;/Volumes/Sonotheque Raph 1/Confession/Sonotheque Confession/Bruno sonotheque/FA int
SILENCE INT MAISOUR jour (qq oiseaux tres discrets).L.wav;/Volumes/Sonotheque Raph 1/Confession/Sonotheque Confession/Bruno sonotheque/FA int
SILENCE INT venteux SALLE A MANGER DAW.L.wav;/Volumes/Sonotheque Raph 1/Confession/Sonotheque Confession/Bruno sonotheque/FA int
SILENCE JOUR INT SALON (1mouche-moment avec 1 oiseau) KH.L.wav;/Volumes/Sonotheque Raph 1/Confession/Sonotheque Confession/Bruno sonotheque/FA int
SILENCE LOURD INT APPART.L.wav;/Volumes/Sonotheque Raph 1/Confession/Sonotheque Confession/Bruno sonotheque/FA int
SILENCE MAISON CHAMBRE petite venteuse (nuit).L.wav;/Volumes/Sonotheque Raph 1/Confession/Sonotheque Confession/Bruno sonotheque/FA int
SILENCE MAISON JOUR matin (trace d'oiseaux au loin) BIEN.L.wav;/Volumes/Sonotheque Raph 1/Confession/Sonotheque Confession/Bruno sonotheque/FA int
couloir pieton gare Lausanne.m.wav;/Volumes/Sonotheque Raph 1/Confession/Sonotheque Confession/Bruno sonotheque/Ville
VX VOISIN off cage escalier  .L.wav;/Volumes/Sonotheque Raph 1/Confession/Sonotheque Confession/Bruno sonotheque/Ville
CourOff1.L.wav;/Volumes/Sonotheque Raph 1/Confession/Sonotheque Confession/Bruno sonotheque/Voix ext
FOULE calmePL salle Belem.L.wav;/Volumes/Sonotheque Raph 1/Confession/Sonotheque Confession/Bruno sonotheque/Voix Int
GROUPE vx PL reception aristo.L.wav;/Volumes/Sonotheque Raph 1/Confession/Sonotheque Confession/Bruno sonotheque/Voix Int
VX 20 pers anglais resto.L.wav;/Volumes/Sonotheque Raph 1/Confession/Sonotheque Confession/Bruno sonotheque/Voix Int
VX figu int calme.L.wav;/Volumes/Sonotheque Raph 1/Confession/Sonotheque Confession/Bruno sonotheque/Voix Int
VX figu int soirée animée.L.wav;/Volumes/Sonotheque Raph 1/Confession/Sonotheque Confession/Bruno sonotheque/Voix Int
VX foule int. large.L.wav;/Volumes/Sonotheque Raph 1/Confession/Sonotheque Confession/Bruno sonotheque/Voix Int
VX groupe anglais resto.L.wav;/Volumes/Sonotheque Raph 1/Confession/Sonotheque Confession/Bruno sonotheque/Voix Int
VX GROUPE calme INT large 2.L.wav;/Volumes/Sonotheque Raph 1/Confession/Sonotheque Confession/Bruno sonotheque/Voix Int
Silence Intérieur Eglise Vide (St Médard) - Cliquetis, Corbeaux au Loin, Passage Moteur.L.wav;/Volumes/Sonotheque Raph 1/Confession/Sonotheque Confession/Le Moine Dérushés
Silence Intérieur Eglise Vide (St Médard) - Sans Cliquetis, Corbeaux au Loin, Passage Moteur.L.wav;/Volumes/Sonotheque Raph 1/Confession/Sonotheque Confession/Le Moine Dérushés
Air large à l'intérier du donjon du chateau de villemonteix._0435.L.wav;/Volumes/Sonotheque Raph 1/Confession/Sonotheque Confession/Décodés
Silence intérieur église de St Médard petit corbeau très loin. Très vide. Très neutre 85.L.wav;/Volumes/Sonotheque Raph 1/Confession/Sonotheque Confession/SONS DESENTRELACES
Silence intérieur église de St Médard petit corbeau très loin. Très vide. Très neutre95.L.wav;/Volumes/Sonotheque Raph 1/Confession/Sonotheque Confession/SONS DESENTRELACES
Très petit feu de cheminé en pierre. un ou deux éclats_0655.L.wav;/Volumes/Sonotheque Raph 1/Confession/Sonotheque Confession/SONS DESENTRELACES
APPRT121 fond calme int.wav;/Volumes/Sonotheque Raph 1/Confession/Sonotheque Confession/sons pour confession dimitri/fonds d'air
APPRT122 fd silence banlieu.L.wav;/Volumes/Sonotheque Raph 1/Confession/Sonotheque Confession/sons pour confession dimitri/fonds d'air
APPRT126 maison fd neutre.L.wav;/Volumes/Sonotheque Raph 1/Confession/Sonotheque Confession/sons pour confession dimitri/fonds d'air
APPRT126 maison fd neutre.M.wav;/Volumes/Sonotheque Raph 1/Confession/Sonotheque Confession/sons pour confession dimitri/fonds d'air
APPRT156 fd sil int neutr.L.wav;/Volumes/Sonotheque Raph 1/Confession/Sonotheque Confession/sons pour confession dimitri/fonds d'air
APPRT172 maison camp fond.L.wav;/Volumes/Sonotheque Raph 1/Confession/Sonotheque Confession/sons pour confession dimitri/fonds d'air
APPRT257 silence ville vent.L.wav;/Volumes/Sonotheque Raph 1/Confession/Sonotheque Confession/sons pour confession dimitri/fonds d'air
APPRT296 fd sil cuisine.L.wav;/Volumes/Sonotheque Raph 1/Confession/Sonotheque Confession/sons pour confession dimitri/fonds d'air
APPRT309 sil int vent.L.wav;/Volumes/Sonotheque Raph 1/Confession/Sonotheque Confession/sons pour confession dimitri/fonds d'air
APPRT310 sil int pluie.L.wav;/Volumes/Sonotheque Raph 1/Confession/Sonotheque Confession/sons pour confession dimitri/fonds d'air
APPRT316 sil int neutre.L.wav;/Volumes/Sonotheque Raph 1/Confession/Sonotheque Confession/sons pour confession dimitri/fonds d'air
090 Rumeur cour int .L.wav;/Volumes/Sonotheque Raph 1/Confession/Sonotheque Sons seuls/Rue
048 Silence raccord.wav;/Volumes/Sonotheque Raph 1/Confession/Sonotheque Sons seuls/Silence racc
062 raccord buzz int.wav;/Volumes/Sonotheque Raph 1/Confession/Sonotheque Sons seuls/Silence racc
062 Silence racc.wav;/Volumes/Sonotheque Raph 1/Confession/Sonotheque Sons seuls/Silence racc
067FB silence racc.wav;/Volumes/Sonotheque Raph 1/Confession/Sonotheque Sons seuls/Silence racc
086 raccord buzz hotel salon.wav;/Volumes/Sonotheque Raph 1/Confession/Sonotheque Sons seuls/Silence racc
089 Silence Racc.wav;/Volumes/Sonotheque Raph 1/Confession/Sonotheque Sons seuls/Silence racc
013 brouhaha bar et applaus.L.wav;/Volumes/Sonotheque Raph 1/Confession/Sonotheque Sons seuls/Voix brouhaha foule
016 brouhaha voix anime int.L.wav;/Volumes/Sonotheque Raph 1/Confession/Sonotheque Sons seuls/Voix brouhaha foule
016 CRIS FETARDS pour farandole.L.wav;/Volumes/Sonotheque Raph 1/Confession/Sonotheque Sons seuls/Voix brouhaha foule
016 FETARDS BAL (WALLA ANIME de voix+rires+verres).L.wav;/Volumes/Sonotheque Raph 1/Confession/Sonotheque Sons seuls/Voix brouhaha foule
016-3 voix brouhaha sans music.L.wav;/Volumes/Sonotheque Raph 1/Confession/Sonotheque Sons seuls/Voix brouhaha foule
016-5 voix fete sans music.L.wav;/Volumes/Sonotheque Raph 1/Confession/Sonotheque Sons seuls/Voix brouhaha foule
016-5 voix fete sans music2.L.wav;/Volumes/Sonotheque Raph 1/Confession/Sonotheque Sons seuls/Voix brouhaha foule
019 billard et voix calmes.L.wav;/Volumes/Sonotheque Raph 1/Confession/Sonotheque Sons seuls/Voix brouhaha foule
019 conversations brouhaha calme.L.wav;/Volumes/Sonotheque Raph 1/Confession/Sonotheque Sons seuls/Voix brouhaha foule
019 DISCUSSION de 20 CONVIVES (assez calme-salon billard).L.wav;/Volumes/Sonotheque Raph 1/Confession/Sonotheque Sons seuls/Voix brouhaha foule
019 voix discussions douces salle billard.L.wav;/Volumes/Sonotheque Raph 1/Confession/Sonotheque Sons seuls/Voix brouhaha foule
019-1 pas presences salle billard.L.wav;/Volumes/Sonotheque Raph 1/Confession/Sonotheque Sons seuls/Voix brouhaha foule
022 Presence danseur valse2.L.wav;/Volumes/Sonotheque Raph 1/Confession/Sonotheque Sons seuls/Voix brouhaha foule
022 Presence danseurs valse.L.wav;/Volumes/Sonotheque Raph 1/Confession/Sonotheque Sons seuls/Voix brouhaha foule
023 FOULE WALLA INT (puis silence qui se fait + APPLOS + reprise) - (mic precis).wav;/Volumes/Sonotheque Raph 1/Confession/Sonotheque Sons seuls/Voix brouhaha foule
023 FOULE WALLA INT LARGE (puis silence qui se fait + APPLOS + reprise).L.wav;/Volumes/Sonotheque Raph 1/Confession/Sonotheque Sons seuls/Voix brouhaha foule
038C DANSE des villageois (avec rires et cris festifs).L.wav;/Volumes/Sonotheque Raph 1/Confession/Sonotheque Sons seuls/Voix brouhaha foule
038C DANSE des villageois (pas seuls).L.wav;/Volumes/Sonotheque Raph 1/Confession/Sonotheque Sons seuls/Voix brouhaha foule
038C DANSEURS presence raccord (confus et bordelique).wav;/Volumes/Sonotheque Raph 1/Confession/Sonotheque Sons seuls/Voix brouhaha foule
042 APPLOS FOULE INT THEATRE.L.wav;/Volumes/Sonotheque Raph 1/Confession/Sonotheque Sons seuls/Voix brouhaha foule
042 APPLOS FOULE THEATRE (OFF entendu du couloir).L.wav;/Volumes/Sonotheque Raph 1/Confession/Sonotheque Sons seuls/Voix brouhaha foule
042 FOULE VOIX (+ calme) COULOIR Theatre.L.wav;/Volumes/Sonotheque Raph 1/Confession/Sonotheque Sons seuls/Voix brouhaha foule
042 FOULE VOIX (dense et anime) COULOIR Theatre.L.wav;/Volumes/Sonotheque Raph 1/Confession/Sonotheque Sons seuls/Voix brouhaha foule
042 LOGE DESGENAIS papotage d'un groupe (silence pour arrivee d'Oscar).C1.wav;/Volumes/Sonotheque Raph 1/Confession/Sonotheque Sons seuls/Voix brouhaha foule
042 LOGE DESGENAIS papotage d'un groupe (silence pour arrivee d'Oscar).C2.wav;/Volumes/Sonotheque Raph 1/Confession/Sonotheque Sons seuls/Voix brouhaha foule
042 LOGE DESGENAIS papotage d'un groupe (silence pour arrivee d'Oscar).L.wav;/Volumes/Sonotheque Raph 1/Confession/Sonotheque Sons seuls/Voix brouhaha foule
043 Voix brouhaha et applaus gant.L.wav;/Volumes/Sonotheque Raph 1/Confession/Sonotheque Sons seuls/Voix brouhaha foule
044 Presence figuration endormie.L.wav;/Volumes/Sonotheque Raph 1/Confession/Sonotheque Sons seuls/Voix brouhaha foule
073 DISCUSSION d'un petit GROUPE de FIGURANTS(Bal pref).L.wav;/Volumes/Sonotheque Raph 1/Confession/Sonotheque Sons seuls/Voix brouhaha foule
073 PAS DANSEURS (bal prefecture) (magmatique).L.wav;/Volumes/Sonotheque Raph 1/Confession/Sonotheque Sons seuls/Voix brouhaha foule
081 FOULE COULOIR OPERA (serre puis elargi - fin entree en salle).L.wav;/Volumes/Sonotheque Raph 1/Confession/Sonotheque Sons seuls/Voix brouhaha foule
081 FOULE INT OPERA qui s'installe (voix larges puis silence) 2 prises.L.wav;/Volumes/Sonotheque Raph 1/Confession/Sonotheque Sons seuls/Voix brouhaha foule
0PG DEPLACEMENT Presence CONVIVES (parquet+tasse).L.wav;/Volumes/Sonotheque Raph 1/Confession/Sonotheque Sons seuls/Voix brouhaha foule
0PG DEPLACEMENT+PRESENCES des CONVIVES (parquet).L.wav;/Volumes/Sonotheque Raph 1/Confession/Sonotheque Sons seuls/Voix brouhaha foule
0PG LES CONVIVES vont s'attabler + DICUSSION a table.L.wav;/Volumes/Sonotheque Raph 1/Confession/Sonotheque Sons seuls/Voix brouhaha foule
0PG WALLA INT des CONVIVES (english).L.wav;/Volumes/Sonotheque Raph 1/Confession/Sonotheque Sons seuls/Voix brouhaha foule
0PG WALLA INT DIFFUS large CONVIVES attables.L.wav;/Volumes/Sonotheque Raph 1/Confession/Sonotheque Sons seuls/Voix brouhaha foule
0PG WALLA LARGE des CONVIVES (english).L.wav;/Volumes/Sonotheque Raph 1/Confession/Sonotheque Sons seuls/Voix brouhaha foule
Z 43-1-1 FOULE VOIX large SALON (differents moments.L.wav;/Volumes/Sonotheque Raph 1/Confession/Sonotheque Sons seuls/Voix brouhaha foule
Z 43-1-2 FOULE VOIX large SALON + CANTATRICE.L.wav;/Volumes/Sonotheque Raph 1/Confession/Sonotheque Sons seuls/Voix brouhaha foule
Z 43-1-3 GROUPE VOIX large SALON.L.wav;/Volumes/Sonotheque Raph 1/Confession/Sonotheque Sons seuls/Voix brouhaha foule
Z 43-1-4 FOULE VOIX PM SALON anime (rires au milieu).L.wav;/Volumes/Sonotheque Raph 1/Confession/Sonotheque Sons seuls/Voix brouhaha foule
Z 43-1-5 FOULE VOIX PM SALON anime (rires en fin).L.wav;/Volumes/Sonotheque Raph 1/Confession/Sonotheque Sons seuls/Voix brouhaha foule
Z 43-2-1 FOULE VOIX SALON (rires milieu - applos en fin).L.wav;/Volumes/Sonotheque Raph 1/Confession/Sonotheque Sons seuls/Voix brouhaha foule
01 Hall bureau pas Voix PL ascenseur.L.wav;/Volumes/Sonotheque Raph/Ellelui /sons seuls Ellelui/bureau
042 raccord ventile.wav;/Volumes/Sonotheque Raph/Ellelui /sons seuls Ellelui/bureau
042 reactions rires salle de conference.wav;/Volumes/Sonotheque Raph/Ellelui /sons seuls Ellelui/bureau
076 bureau open space activite voix et ventilation.L.wav;/Volumes/Sonotheque Raph/Ellelui /sons seuls Ellelui/bureau
076 trajet ascenseur GP.L.wav;/Volumes/Sonotheque Raph/Ellelui /sons seuls Ellelui/bureau
076 voix bureau PR open space.wav;/Volumes/Sonotheque Raph/Ellelui /sons seuls Ellelui/bureau
076 voix off bureaux ventil.L.wav;/Volumes/Sonotheque Raph/Ellelui /sons seuls Ellelui/bureau
Hall rev pas bureau M1.wav;/Volumes/Sonotheque Raph/Ellelui /sons seuls Ellelui/bureau
Hall rev pas bureau M2.wav;/Volumes/Sonotheque Raph/Ellelui /sons seuls Ellelui/bureau
Hall rev pas bureau.L.wav;/Volumes/Sonotheque Raph/Ellelui /sons seuls Ellelui/bureau
Silence int bureau ordi.wav;/Volumes/Sonotheque Raph/Ellelui /sons seuls Ellelui/bureau
Silence int bureau ventilation.wav;/Volumes/Sonotheque Raph/Ellelui /sons seuls Ellelui/bureau
Voix off bureau trav.wav;/Volumes/Sonotheque Raph/Ellelui /sons seuls Ellelui/bureau
Voix off bureau trav2.wav;/Volumes/Sonotheque Raph/Ellelui /sons seuls Ellelui/bureau
044 fond raccord restau.wav;/Volumes/Sonotheque Raph/Ellelui /sons seuls Ellelui/Divers
078 brouhaha bar a tapas.L.wav;/Volumes/Sonotheque Raph/Ellelui /sons seuls Ellelui/Divers
081 raccord ventile cafe.wav;/Volumes/Sonotheque Raph/Ellelui /sons seuls Ellelui/Divers
Annonce Radio couloir 2 5-1.wav;/Volumes/Sonotheque Raph 1/Hippocrate/Hopital St ANtoine 5-1/Annonce Radio
Annonce Radio couloir 3 5-1.wav;/Volumes/Sonotheque Raph 1/Hippocrate/Hopital St ANtoine 5-1/Annonce Radio
Annonce Radio couloir 5-1.wav;/Volumes/Sonotheque Raph 1/Hippocrate/Hopital St ANtoine 5-1/Annonce Radio
Annonce Radio Poste Infirmier 2 5-1.wav;/Volumes/Sonotheque Raph 1/Hippocrate/Hopital St ANtoine 5-1/Annonce Radio
Annonce Radio Poste Infirmier 3 5-1.wav;/Volumes/Sonotheque Raph 1/Hippocrate/Hopital St ANtoine 5-1/Annonce Radio
Annonce Radio Poste Infirmier 4 5-1.wav;/Volumes/Sonotheque Raph 1/Hippocrate/Hopital St ANtoine 5-1/Annonce Radio
Annonce Radio Poste Infirmier 5-1.wav;/Volumes/Sonotheque Raph 1/Hippocrate/Hopital St ANtoine 5-1/Annonce Radio
Hopital Bureau Infirmier Bureautique Off voix infirmières distinct 5-1.wav;/Volumes/Sonotheque Raph 1/Hippocrate/Hopital St ANtoine 5-1/Bureau Infirmier
Hopital Bureau Infirmier Bureautique Preparation de dossier activitee off 5-1.wav;/Volumes/Sonotheque Raph 1/Hippocrate/Hopital St ANtoine 5-1/Bureau Infirmier
Hopital Bureau Infirmier calme activité exterieur 5-1.wav;/Volumes/Sonotheque Raph 1/Hippocrate/Hopital St ANtoine 5-1/Bureau Infirmier
Hopital Bureau Infirmier discussion presence calme 5-1.wav;/Volumes/Sonotheque Raph 1/Hippocrate/Hopital St ANtoine 5-1/Bureau Infirmier
Hopital Bureau Infirmier Manip dossier Papier 5-1.wav;/Volumes/Sonotheque Raph 1/Hippocrate/Hopital St ANtoine 5-1/Bureau Infirmier
Hopital Bureau Infirmier Presence silencieuse 5-1.wav;/Volumes/Sonotheque Raph 1/Hippocrate/Hopital St ANtoine 5-1/Bureau Infirmier
Hopital Bureau Infirmier voix detendu Manip dossier preparation serum perfusion 5-1.wav;/Volumes/Sonotheque Raph 1/Hippocrate/Hopital St ANtoine 5-1/Bureau Infirmier
Hopital Bureau Infirmier voix reunion equipe serieuse 5-1.wav;/Volumes/Sonotheque Raph 1/Hippocrate/Hopital St ANtoine 5-1/Bureau Infirmier
Hopital Fond Int Bureau Infirmier Vide Porte Claque off 1 5-1.wav;/Volumes/Sonotheque Raph 1/Hippocrate/Hopital St ANtoine 5-1/Bureau Infirmier
Hopital Preparation Perfusion manip medicale 5-1.wav;/Volumes/Sonotheque Raph 1/Hippocrate/Hopital St ANtoine 5-1/Bureau Infirmier
Voix Infirmier Plaisantent 5-1.wav;/Volumes/Sonotheque Raph 1/Hippocrate/Hopital St ANtoine 5-1/Bureau Infirmier
Voix Infirmier preparent un examen manip et sortie de l'equipe 5-1.wav;/Volumes/Sonotheque Raph 1/Hippocrate/Hopital St ANtoine 5-1/Bureau Infirmier
Hopital Chambre porte ouverte Medecin visite Malade 5-1.wav;/Volumes/Sonotheque Raph 1/Hippocrate/Hopital St ANtoine 5-1/Chambre
Hopital Chambre porte ouverte Medecins 2 groupes de conversations en visite 5-1.wav;/Volumes/Sonotheque Raph 1/Hippocrate/Hopital St ANtoine 5-1/Chambre
Chariot  Passage lit brancard Couloir de service s-sol 5-1.wav;/Volumes/Sonotheque Raph 1/Hippocrate/Hopital St ANtoine 5-1/Chariot
Chariot  Passage lit brancard voix ponctuel  5-1.wav;/Volumes/Sonotheque Raph 1/Hippocrate/Hopital St ANtoine 5-1/Chariot
Chariot  Plateau repas Passage mat carrelage 5-1.wav;/Volumes/Sonotheque Raph 1/Hippocrate/Hopital St ANtoine 5-1/Chariot
Chariot Container Plastique Rouling et pass dans Couloir de service s-sol 5-1.wav;/Volumes/Sonotheque Raph 1/Hippocrate/Hopital St ANtoine 5-1/Chariot
Chariot metal  Passage dans Couloir Arr Eloi 5-1.wav;/Volumes/Sonotheque Raph 1/Hippocrate/Hopital St ANtoine 5-1/Chariot
Chariot metal  Sort et rentre dans pièce 5-1.wav;/Volumes/Sonotheque Raph 1/Hippocrate/Hopital St ANtoine 5-1/Chariot
Chariot metal Lingerie Pass F-B couloir service s-sol 5-1.wav;/Volumes/Sonotheque Raph 1/Hippocrate/Hopital St ANtoine 5-1/Chariot
Chariot Metal Passage Arret couloir carrelage  5-1.wav;/Volumes/Sonotheque Raph 1/Hippocrate/Hopital St ANtoine 5-1/Chariot
Chariot metal rouling embarqué GP 5-1.wav;/Volumes/Sonotheque Raph 1/Hippocrate/Hopital St ANtoine 5-1/Chariot
Chariot metal rouling embarqué PL 5-1.wav;/Volumes/Sonotheque Raph 1/Hippocrate/Hopital St ANtoine 5-1/Chariot
Hopital Fond Int Chambre Vide Chariot Metal Activité Off 5-1.wav;/Volumes/Sonotheque Raph 1/Hippocrate/Hopital St ANtoine 5-1/Chariot
FI couloir activitee reduite Off 5-1.wav;/Volumes/Sonotheque Raph 1/Hippocrate/Hopital St ANtoine 5-1/Couloir
Hopital  Entree poste de soins Porte voix Chariot 5-1.wav;/Volumes/Sonotheque Raph 1/Hippocrate/Hopital St ANtoine 5-1/Couloir
Hopital Conversation Off derrière porte coupe feu 2 5-1.wav;/Volumes/Sonotheque Raph 1/Hippocrate/Hopital St ANtoine 5-1/Couloir
Hopital Conversation Off derrière porte coupe feu 5-1.wav;/Volumes/Sonotheque Raph 1/Hippocrate/Hopital St ANtoine 5-1/Couloir
Hopital Couloir a l'ecart de l'activite Medecin sort de la chambre 5-1.wav;/Volumes/Sonotheque Raph 1/Hippocrate/Hopital St ANtoine 5-1/Couloir
Hopital Couloir a l'ecart de l'activite principale Voix et Passage 5-1.wav;/Volumes/Sonotheque Raph 1/Hippocrate/Hopital St ANtoine 5-1/Couloir
Hopital Couloir Activité calme voix pass lit brancard 5-1.wav;/Volumes/Sonotheque Raph 1/Hippocrate/Hopital St ANtoine 5-1/Couloir
Hopital Couloir calme voix lointaine Chariot Manip 5-1.wav;/Volumes/Sonotheque Raph 1/Hippocrate/Hopital St ANtoine 5-1/Couloir
Hopital Couloir Medecin annonce au patient sa sortie de l'hopital 5-1.wav;/Volumes/Sonotheque Raph 1/Hippocrate/Hopital St ANtoine 5-1/Couloir
Hopital Couloir Proche Bureau Infirmier Chariot Voix et Annonce Interphone 5-1.wav;/Volumes/Sonotheque Raph 1/Hippocrate/Hopital St ANtoine 5-1/Couloir
Hopital Couloir Proche Bureau Infirmier voix et sonnerie 5-1.wav;/Volumes/Sonotheque Raph 1/Hippocrate/Hopital St ANtoine 5-1/Couloir
Hopital Couloir proche Chambre Voix malade arrivee et depart lit roulant 5-1.wav;/Volumes/Sonotheque Raph 1/Hippocrate/Hopital St ANtoine 5-1/Couloir
Hopital Couloir proche Hall Acceuil Voix malade arrivee et depart pied a perfusion 5-1.wav;/Volumes/Sonotheque Raph 1/Hippocrate/Hopital St ANtoine 5-1/Couloir
Hopital Couloir Ventil voix tres off  5-1.wav;/Volumes/Sonotheque Raph 1/Hippocrate/Hopital St ANtoine 5-1/Couloir
Hopital Couloir Voix equipe arrive dans le service salutation 5-1.wav;/Volumes/Sonotheque Raph 1/Hippocrate/Hopital St ANtoine 5-1/Couloir
Hopital Couloir Voix et vaisselle debarasse petit dejeuner sonnerie 5-1.wav;/Volumes/Sonotheque Raph 1/Hippocrate/Hopital St ANtoine 5-1/Couloir
Hopital Couloir Voix Patient et infirmier PM 5-1.wav;/Volumes/Sonotheque Raph 1/Hippocrate/Hopital St ANtoine 5-1/Couloir
Hopital Couloir Voix Prise en charge malade PL sonnerie 5-1.wav;/Volumes/Sonotheque Raph 1/Hippocrate/Hopital St ANtoine 5-1/Couloir
Hopital Couloir Zone detente face au Bureau Infirmier voix et sonnerie 5-1.wav;/Volumes/Sonotheque Raph 1/Hippocrate/Hopital St ANtoine 5-1/Couloir
Pas dans couloir de service S-sol Travelling 5-1.wav;/Volumes/Sonotheque Raph 1/Hippocrate/Hopital St ANtoine 5-1/Couloir
FE Rumeur ville Enceinte Hopital vent feuille 5-1.wav;/Volumes/Sonotheque Raph 1/Hippocrate/Hopital St ANtoine 5-1/Fond ext Neutre
FE rumeur ville ext Hopital venteux feuilles mortes 5-1.wav;/Volumes/Sonotheque Raph 1/Hippocrate/Hopital St ANtoine 5-1/Fond ext Neutre
FE Ventil Climatiseur Central dans enceinte hopital 5-1.wav;/Volumes/Sonotheque Raph 1/Hippocrate/Hopital St ANtoine 5-1/Fond ext Neutre
FE Ventil Climatiseur dans enceinte hopital 5-1.wav;/Volumes/Sonotheque Raph 1/Hippocrate/Hopital St ANtoine 5-1/Fond ext Neutre
Hopital FE Escalier de secour Etage elevée Chargé en Climatiseur Voix et sirene 5-1.wav;/Volumes/Sonotheque Raph 1/Hippocrate/Hopital St ANtoine 5-1/Fond ext Neutre
FI buzz neon couloir de service sous sol 2 5-1.wav;/Volumes/Sonotheque Raph 1/Hippocrate/Hopital St ANtoine 5-1/Fond Int Neutre
FI buzz neon couloir de service sous sol 3 5-1.wav;/Volumes/Sonotheque Raph 1/Hippocrate/Hopital St ANtoine 5-1/Fond Int Neutre
FI buzz neon couloir de service sous sol 5-1.wav;/Volumes/Sonotheque Raph 1/Hippocrate/Hopital St ANtoine 5-1/Fond Int Neutre
FI petite pièce ouverte sur couloir ventil et neon  Porte PL 5-1.wav;/Volumes/Sonotheque Raph 1/Hippocrate/Hopital St ANtoine 5-1/Fond Int Neutre
FI Ventil Buzz Suraigu Gallerie Principale Hopital 5-1.wav;/Volumes/Sonotheque Raph 1/Hippocrate/Hopital St ANtoine 5-1/Fond Int Neutre
FI Ventil Gallerie Principale Hopital Neutre 5-1.wav;/Volumes/Sonotheque Raph 1/Hippocrate/Hopital St ANtoine 5-1/Fond Int Neutre
FI Ventil Gallerie Principale Hopital Voix groupe asiatique 5-1.wav;/Volumes/Sonotheque Raph 1/Hippocrate/Hopital St ANtoine 5-1/Fond Int Neutre
FI Ventil petite pièce Vide Carrelée 5-1.wav;/Volumes/Sonotheque Raph 1/Hippocrate/Hopital St ANtoine 5-1/Fond Int Neutre
Hopital Chambre FI WC Eclairage Néon 5-1.wav;/Volumes/Sonotheque Raph 1/Hippocrate/Hopital St ANtoine 5-1/Fond Int Neutre
Hopital Chambre FI WC sans lumière 5-1.wav;/Volumes/Sonotheque Raph 1/Hippocrate/Hopital St ANtoine 5-1/Fond Int Neutre
Hopital Fond Int Chambre Lumière Néon Circul 5-1.wav;/Volumes/Sonotheque Raph 1/Hippocrate/Hopital St ANtoine 5-1/Fond Int Neutre
Hopital Fond Int Chambre Vide 2 5-1.wav;/Volumes/Sonotheque Raph 1/Hippocrate/Hopital St ANtoine 5-1/Fond Int Neutre
Hopital Fond Int Chambre Vide 3 5-1.wav;/Volumes/Sonotheque Raph 1/Hippocrate/Hopital St ANtoine 5-1/Fond Int Neutre
Hopital Fond Int Chambre Vide 5-1.wav;/Volumes/Sonotheque Raph 1/Hippocrate/Hopital St ANtoine 5-1/Fond Int Neutre
Hopital Fond Int Couloir Vide 1 5-1.wav;/Volumes/Sonotheque Raph 1/Hippocrate/Hopital St ANtoine 5-1/Fond Int Neutre
Hopital Fond Int Machine Medicale Buzz Porte O 5-1.wav;/Volumes/Sonotheque Raph 1/Hippocrate/Hopital St ANtoine 5-1/Fond Int Neutre
Hopital Hall acceuil Prise en charge patient consultation 5-1.wav;/Volumes/Sonotheque Raph 1/Hippocrate/Hopital St ANtoine 5-1/Hall Acceuil
Hopital Hall Acceuil service etage calme voix off 5-1.wav;/Volumes/Sonotheque Raph 1/Hippocrate/Hopital St ANtoine 5-1/Hall Acceuil
Hopital Hall Acceuil service etage voix solo off Porte 5-1.wav;/Volumes/Sonotheque Raph 1/Hippocrate/Hopital St ANtoine 5-1/Hall Acceuil
Hopital Hall acceuil voix femme francais anglais 5-1.wav;/Volumes/Sonotheque Raph 1/Hippocrate/Hopital St ANtoine 5-1/Hall Acceuil
Hopital Voix Bureau Off depuis salle d'attente sonnerie tel 5-1.wav;/Volumes/Sonotheque Raph 1/Hippocrate/Hopital St ANtoine 5-1/Hall Acceuil
Hopital Salle d'attente de consultation activite Dossier Voix Ponctuelles et Passage 5-1.wav;/Volumes/Sonotheque Raph 1/Hippocrate/Hopital St ANtoine 5-1
Hopital Salle d'observation Malade tousse gras  5-1.wav;/Volumes/Sonotheque Raph 1/Hippocrate/Hopital St ANtoine 5-1
Hopital Salle de consultation Couloir Voix lointaine 5-1.wav;/Volumes/Sonotheque Raph 1/Hippocrate/Hopital St ANtoine 5-1
Neon Allumage et FI Chambre Hopital Vide 5-1.wav;/Volumes/Sonotheque Raph 1/Hippocrate/Hopital St ANtoine 5-1/Neon
Neon Allumage PM Chambre Hopital Vide 5-1.wav;/Volumes/Sonotheque Raph 1/Hippocrate/Hopital St ANtoine 5-1/Neon
Neon lumière chambre d'hopital Interupteur plastique mural 5-1.wav;/Volumes/Sonotheque Raph 1/Hippocrate/Hopital St ANtoine 5-1/Neon
Hopital Porte Couloir Vide PM 5-1.wav;/Volumes/Sonotheque Raph 1/Hippocrate/Hopital St ANtoine 5-1/Porte
Hopital Portes Couloir Vide 2 PM 5-1.wav;/Volumes/Sonotheque Raph 1/Hippocrate/Hopital St ANtoine 5-1/Porte
Porte Automatique vitrée Double Entrée 1 5-1.wav;/Volumes/Sonotheque Raph 1/Hippocrate/Hopital St ANtoine 5-1/Porte
Porte Automatique vitrée Double Entrée 2 5-1.wav;/Volumes/Sonotheque Raph 1/Hippocrate/Hopital St ANtoine 5-1/Porte
Porte Bois PLein Groom Coulissant Int petite piece 5-1.wav;/Volumes/Sonotheque Raph 1/Hippocrate/Hopital St ANtoine 5-1/Porte
Porte bois pleine couloir O-F  5-1.wav;/Volumes/Sonotheque Raph 1/Hippocrate/Hopital St ANtoine 5-1/Porte
Porte Dans petite pièce vide carrelée ventil 5-1.wav;/Volumes/Sonotheque Raph 1/Hippocrate/Hopital St ANtoine 5-1/Porte
Porte Off Claque dans couloir de service 2 5-1.wav;/Volumes/Sonotheque Raph 1/Hippocrate/Hopital St ANtoine 5-1/Porte
Porte Off Claque dans couloir de service 5-1.wav;/Volumes/Sonotheque Raph 1/Hippocrate/Hopital St ANtoine 5-1/Porte
Porte Placard ferme violament PL couloir Hopital 5-1.wav;/Volumes/Sonotheque Raph 1/Hippocrate/Hopital St ANtoine 5-1/Porte
R36 VX secretariat DESK.L.wav;/Volumes/Sonotheque Raph 1/Hippocrate/Sono pour hippo/Accueil
Hopital activitees off.L.wav;/Volumes/Sonotheque Raph 1/Hippocrate/Sono pour hippo/activite off
T15 BLOC OPeration PM VX fem.L.wav;/Volumes/Sonotheque Raph 1/Hippocrate/Sono pour hippo/activite off
T17 BLOC OPeration calme + VX en fin.L.wav;/Volumes/Sonotheque Raph 1/Hippocrate/Sono pour hippo/activite off
annonce hopital off.L.wav;/Volumes/Sonotheque Raph 1/Hippocrate/Sono pour hippo/annonce
R42 ASCENCEUR descente + HP.L.wav;/Volumes/Sonotheque Raph 1/Hippocrate/Sono pour hippo/Ascenseur
0 Chariot Hopital Déplacement bref 058.wav;/Volumes/Sonotheque Raph 1/Hippocrate/Sono pour hippo/chariot
chariot a bouteille PM WT35.wav;/Volumes/Sonotheque Raph 1/Hippocrate/Sono pour hippo/chariot
chariot a bouteille PS WT36.wav;/Volumes/Sonotheque Raph 1/Hippocrate/Sono pour hippo/chariot
T47 BLOC OP CHOC+Chariot .L.wav;/Volumes/Sonotheque Raph 1/Hippocrate/Sono pour hippo/chariot
T49 BLOC OP CHARIOT+CHOC metal.L.wav;/Volumes/Sonotheque Raph 1/Hippocrate/Sono pour hippo/chariot
T39 RUMEUR cicru EXT PL.L.wav;/Volumes/Sonotheque Raph 1/Hippocrate/Sono pour hippo/circul ext
013 couloir hopital.wav;/Volumes/Sonotheque Raph 1/Hippocrate/Sono pour hippo/couloir
050 Hopital Couloir Jour.L.wav;/Volumes/Sonotheque Raph 1/Hippocrate/Sono pour hippo/couloir
COULOIR calme fd vx WT47.L.wav;/Volumes/Sonotheque Raph 1/Hippocrate/Sono pour hippo/couloir
hall hopital - petite vie - large.L.wav;/Volumes/Sonotheque Raph 1/Hippocrate/Sono pour hippo/couloir
R22 PREPA fd bloc vx-bip.L.wav;/Volumes/Sonotheque Raph 1/Hippocrate/Sono pour hippo/couloir
R34 COULOIR 15 etage fd w.L.wav;/Volumes/Sonotheque Raph 1/Hippocrate/Sono pour hippo/couloir
R4 BLOC OP OFF salle lavabo.L.wav;/Volumes/Sonotheque Raph 1/Hippocrate/Sono pour hippo/couloir
R5 VX P - BLOC OP OFF anesthesie.L.wav;/Volumes/Sonotheque Raph 1/Hippocrate/Sono pour hippo/couloir
T40 HALL calme.L.wav;/Volumes/Sonotheque Raph 1/Hippocrate/Sono pour hippo/couloir
Hopital - Induction Couloir.L.wav;/Volumes/Sonotheque Raph 1/Hippocrate/Sono pour hippo/electric
Hop US Chariot+Manips OFF-AVrT_01.L.wav;/Volumes/Sonotheque Raph 1/Hippocrate/Sono pour hippo/hall rev
Hop US Chariot+Manips OFF-AVrT_02.L.wav;/Volumes/Sonotheque Raph 1/Hippocrate/Sono pour hippo/hall rev
Hop US Fond Calme Centre.1.wav;/Volumes/Sonotheque Raph 1/Hippocrate/Sono pour hippo/hall rev
081 Bips Scope Hopital -10 Bce.wav;/Volumes/Sonotheque Raph 1/Hippocrate/Sono pour hippo/machine medicale
Hop Bip Scope Couloir.L.wav;/Volumes/Sonotheque Raph 1/Hippocrate/Sono pour hippo/machine medicale
R10 tuyeau pompe sang MC.wav;/Volumes/Sonotheque Raph 1/Hippocrate/Sono pour hippo/machine medicale
sonnerie biiip WT40.wav;/Volumes/Sonotheque Raph 1/Hippocrate/Sono pour hippo/machine medicale
sonnerie bip appel medecin WT39.wav;/Volumes/Sonotheque Raph 1/Hippocrate/Sono pour hippo/machine medicale
OUTILS PM table manip fd vx WT21.L.wav;/Volumes/Sonotheque Raph 1/Hippocrate/Sono pour hippo/manip objets
OUTILS PM table manip fd vx WT22.L.wav;/Volumes/Sonotheque Raph 1/Hippocrate/Sono pour hippo/manip objets
R24 PREPA instruments deballes.L.wav;/Volumes/Sonotheque Raph 1/Hippocrate/Sono pour hippo/manip objets
sac manip outil PL WT23.wav;/Volumes/Sonotheque Raph 1/Hippocrate/Sono pour hippo/manip objets
T1 INSTRUMENTS + plastic PM.L.wav;/Volumes/Sonotheque Raph 1/Hippocrate/Sono pour hippo/manip objets
T10 ACTIVITES off PL.L.wav;/Volumes/Sonotheque Raph 1/Hippocrate/Sono pour hippo/manip objets
T11 INSTRU tube - activite off dx.L.wav;/Volumes/Sonotheque Raph 1/Hippocrate/Sono pour hippo/manip objets
T19 PLASTIC sac jet.L.wav;/Volumes/Sonotheque Raph 1/Hippocrate/Sono pour hippo/manip objets
T2 INSTRUMENTS metal table PM.L.wav;/Volumes/Sonotheque Raph 1/Hippocrate/Sono pour hippo/manip objets
T2 INSTRUMENTS metal table PS.L.wav;/Volumes/Sonotheque Raph 1/Hippocrate/Sono pour hippo/manip objets
T24 NETTOYAGE machine a laver + Grave .L.wav;/Volumes/Sonotheque Raph 1/Hippocrate/Sono pour hippo/manip objets
T4 PLASTIC PL.L.wav;/Volumes/Sonotheque Raph 1/Hippocrate/Sono pour hippo/manip objets
T43 BLOC OP Nettoyage.L.wav;/Volumes/Sonotheque Raph 1/Hippocrate/Sono pour hippo/manip objets
T44 BLOC OP fin nettoyage PL.L.wav;/Volumes/Sonotheque Raph 1/Hippocrate/Sono pour hippo/manip objets
T45 BLOC OP nettoyage serpillere PL.L.wav;/Volumes/Sonotheque Raph 1/Hippocrate/Sono pour hippo/manip objets
T46 BLOC OP nettoyage EAU.L.wav;/Volumes/Sonotheque Raph 1/Hippocrate/Sono pour hippo/manip objets
AIR BUREAU CALME des Assistants WT24.L.wav;/Volumes/Sonotheque Raph 1/Hippocrate/Sono pour hippo/Ventile clim
CLIM souffle plafond GP WT12.L.wav;/Volumes/Sonotheque Raph 1/Hippocrate/Sono pour hippo/Ventile clim
COULOIR bloc VENTIL PL calme fd WT19.L.wav;/Volumes/Sonotheque Raph 1/Hippocrate/Sono pour hippo/Ventile clim
FRIGO Basse WT5.L.wav;/Volumes/Sonotheque Raph 1/Hippocrate/Sono pour hippo/Ventile clim
FRIGOS Med WT6.L.wav;/Volumes/Sonotheque Raph 1/Hippocrate/Sono pour hippo/Ventile clim
R38 BUREAU air pordi.L.wav;/Volumes/Sonotheque Raph 1/Hippocrate/Sono pour hippo/Ventile clim
SALLE des COLLOQUE ventil buzz neon WT58.L.wav;/Volumes/Sonotheque Raph 1/Hippocrate/Sono pour hippo/Ventile clim
T29 COULOIR ventil + passage dx.L.wav;/Volumes/Sonotheque Raph 1/Hippocrate/Sono pour hippo/Ventile clim
T31 COULOIR ventil grave.L.wav;/Volumes/Sonotheque Raph 1/Hippocrate/Sono pour hippo/Ventile clim
VENTIL AIR bloc couloir + telephone WT1 .L.wav;/Volumes/Sonotheque Raph 1/Hippocrate/Sono pour hippo/Ventile clim
VENTIL pl SAS bloc WT52.L.wav;/Volumes/Sonotheque Raph 1/Hippocrate/Sono pour hippo/Ventile clim
Couloir ascenseur off PL 2 hippo.L.wav;/Volumes/Sonotheque Raph 1/Hippocrate/SSeuls Hippo/Ascenseur
Couloir ascenseur off PL 3 hippo.L.wav;/Volumes/Sonotheque Raph 1/Hippocrate/SSeuls Hippo/Ascenseur
Couloir ascenseur off PL hippo.L.wav;/Volumes/Sonotheque Raph 1/Hippocrate/SSeuls Hippo/Ascenseur
Couloir ascenseur off PM hippo.L.wav;/Volumes/Sonotheque Raph 1/Hippocrate/SSeuls Hippo/Ascenseur
Porte ascenseur depuis reception hp.wav;/Volumes/Sonotheque Raph 1/Hippocrate/SSeuls Hippo/Ascenseur
014 passage lustreuse.L.wav;/Volumes/Sonotheque Raph 1/Hippocrate/SSeuls Hippo/Chariot
020 passage chariot.wav;/Volumes/Sonotheque Raph 1/Hippocrate/SSeuls Hippo/Chariot
031 passage chariot.L.wav;/Volumes/Sonotheque Raph 1/Hippocrate/SSeuls Hippo/Chariot
064 passage chariot.wav;/Volumes/Sonotheque Raph 1/Hippocrate/SSeuls Hippo/Chariot
Passage chariot couloir 1 hp.L.wav;/Volumes/Sonotheque Raph 1/Hippocrate/SSeuls Hippo/Chariot
Passage chariot couloir 2 hp.L.wav;/Volumes/Sonotheque Raph 1/Hippocrate/SSeuls Hippo/Chariot
Passage chariot proche couloir bruyant hp.L.wav;/Volumes/Sonotheque Raph 1/Hippocrate/SSeuls Hippo/Chariot
016 discussion 2.wav;/Volumes/Sonotheque Raph 1/Hippocrate/SSeuls Hippo/Conversations
016 discussion.wav;/Volumes/Sonotheque Raph 1/Hippocrate/SSeuls Hippo/Conversations
016 discussion3.wav;/Volumes/Sonotheque Raph 1/Hippocrate/SSeuls Hippo/Conversations
019 discussion telephone.L.wav;/Volumes/Sonotheque Raph 1/Hippocrate/SSeuls Hippo/Conversations
02 discussions lingerie.wav;/Volumes/Sonotheque Raph 1/Hippocrate/SSeuls Hippo/Conversations
051 discussion figu.wav;/Volumes/Sonotheque Raph 1/Hippocrate/SSeuls Hippo/Conversations
057 discussion figu.wav;/Volumes/Sonotheque Raph 1/Hippocrate/SSeuls Hippo/Conversations
Conversation entre 2 internes off 2 hp.L.wav;/Volumes/Sonotheque Raph 1/Hippocrate/SSeuls Hippo/Conversations
Conversation entre 2 internes off hp.L.wav;/Volumes/Sonotheque Raph 1/Hippocrate/SSeuls Hippo/Conversations
Conversation entre 2 internes ragots off hp.L.wav;/Volumes/Sonotheque Raph 1/Hippocrate/SSeuls Hippo/Conversations
Conversation groupe infirmiers hp.wav;/Volumes/Sonotheque Raph 1/Hippocrate/SSeuls Hippo/Conversations
Conversation infirmiere patient 2 hp.wav;/Volumes/Sonotheque Raph 1/Hippocrate/SSeuls Hippo/Conversations
Conversation infirmiere patient 3 hp.wav;/Volumes/Sonotheque Raph 1/Hippocrate/SSeuls Hippo/Conversations
Conversation infirmiere patient hp.wav;/Volumes/Sonotheque Raph 1/Hippocrate/SSeuls Hippo/Conversations
0100 silence couloir.L.wav;/Volumes/Sonotheque Raph 1/Hippocrate/SSeuls Hippo/Couloir calme
0100 silence presences couloir.L.wav;/Volumes/Sonotheque Raph 1/Hippocrate/SSeuls Hippo/Couloir calme
02 discussions lingerie.wav;/Volumes/Sonotheque Raph 1/Hippocrate/SSeuls Hippo/Couloir calme
03 amb figu couloir 1.L.wav;/Volumes/Sonotheque Raph 1/Hippocrate/SSeuls Hippo/Couloir calme
03 amb figu couloir 2.L.wav;/Volumes/Sonotheque Raph 1/Hippocrate/SSeuls Hippo/Couloir calme
060 sil raccord et passages pas.L.wav;/Volumes/Sonotheque Raph 1/Hippocrate/SSeuls Hippo/Couloir calme
Couloir calme buzz voix  off hp.1.L.wav;/Volumes/Sonotheque Raph 1/Hippocrate/SSeuls Hippo/Couloir calme
Couloir calme buzz voix  off hp.L.wav;/Volumes/Sonotheque Raph 1/Hippocrate/SSeuls Hippo/Couloir calme
Couloir calme cuisine et grincements off hp.L.wav;/Volumes/Sonotheque Raph 1/Hippocrate/SSeuls Hippo/Couloir calme
couloir calme hopital hippo.L.wav;/Volumes/Sonotheque Raph 1/Hippocrate/SSeuls Hippo/Couloir calme
Couloir calme machine bip off hp.L.wav;/Volumes/Sonotheque Raph 1/Hippocrate/SSeuls Hippo/Couloir calme
Couloir calme machinerie ascenseur off 2 hp.L.wav;/Volumes/Sonotheque Raph 1/Hippocrate/SSeuls Hippo/Couloir calme
Couloir calme machinerie ascenseur off 3 hp.L.wav;/Volumes/Sonotheque Raph 1/Hippocrate/SSeuls Hippo/Couloir calme
Couloir calme machinerie ascenseur off hp.L.wav;/Volumes/Sonotheque Raph 1/Hippocrate/SSeuls Hippo/Couloir calme
Couloir calme passage pas hp.L.wav;/Volumes/Sonotheque Raph 1/Hippocrate/SSeuls Hippo/Couloir calme
Couloir calme passages visite patients hp.L.wav;/Volumes/Sonotheque Raph 1/Hippocrate/SSeuls Hippo/Couloir calme
Couloir calme soir off hp.L.wav;/Volumes/Sonotheque Raph 1/Hippocrate/SSeuls Hippo/Couloir calme
Couloir calme soir passages gemissement hp.L.wav;/Volumes/Sonotheque Raph 1/Hippocrate/SSeuls Hippo/Couloir calme
Couloir calme soir tv 2 off hp.L.wav;/Volumes/Sonotheque Raph 1/Hippocrate/SSeuls Hippo/Couloir calme
Couloir calme soir tv off hp.L.wav;/Volumes/Sonotheque Raph 1/Hippocrate/SSeuls Hippo/Couloir calme
Couloir calme soir vaisselle off hp.L.wav;/Volumes/Sonotheque Raph 1/Hippocrate/SSeuls Hippo/Couloir calme
Couloir calme soir voix telephone off hp.L.wav;/Volumes/Sonotheque Raph 1/Hippocrate/SSeuls Hippo/Couloir calme
couloir chambre abdel hippo.L.wav;/Volumes/Sonotheque Raph 1/Hippocrate/SSeuls Hippo/Couloir calme
Couloir circul activitee legere off 2 PL hippo.L.wav;/Volumes/Sonotheque Raph 1/Hippocrate/SSeuls Hippo/Couloir calme
Couloir circul activitee legere off PL hippo.L.wav;/Volumes/Sonotheque Raph 1/Hippocrate/SSeuls Hippo/Couloir calme
Couloir mat machine bip off 1 hp.L.wav;/Volumes/Sonotheque Raph 1/Hippocrate/SSeuls Hippo/Couloir calme
Couloir mat machine bip off PL hp.L.wav;/Volumes/Sonotheque Raph 1/Hippocrate/SSeuls Hippo/Couloir calme
Couloir ventile nettoyage calme hp.L.wav;/Volumes/Sonotheque Raph 1/Hippocrate/SSeuls Hippo/Couloir calme
Couloir visite patient off hp.L.wav;/Volumes/Sonotheque Raph 1/Hippocrate/SSeuls Hippo/Couloir calme
03 amb figu salle 1.L.wav;/Volumes/Sonotheque Raph 1/Hippocrate/SSeuls Hippo/Couloir voix bruyant
03 amb figu salle 2.L.wav;/Volumes/Sonotheque Raph 1/Hippocrate/SSeuls Hippo/Couloir voix bruyant
044 brouhaha doux accueil.L.wav;/Volumes/Sonotheque Raph 1/Hippocrate/SSeuls Hippo/Couloir voix bruyant
couloir discussions agite manip lit GP hippo.L.wav;/Volumes/Sonotheque Raph 1/Hippocrate/SSeuls Hippo/Couloir voix bruyant
Couloir discussions bureau internes off 1 hp.L.wav;/Volumes/Sonotheque Raph 1/Hippocrate/SSeuls Hippo/Couloir voix bruyant
Couloir discussions bureau internes off 2 hp.L.wav;/Volumes/Sonotheque Raph 1/Hippocrate/SSeuls Hippo/Couloir voix bruyant
Couloir discussions bureau internes off 3 hp.L.wav;/Volumes/Sonotheque Raph 1/Hippocrate/SSeuls Hippo/Couloir voix bruyant
Couloir discussions infirmieres off 1 hp.L.wav;/Volumes/Sonotheque Raph 1/Hippocrate/SSeuls Hippo/Couloir voix bruyant
Couloir discussions infirmieres vaisselle off hp.L.wav;/Volumes/Sonotheque Raph 1/Hippocrate/SSeuls Hippo/Couloir voix bruyant
couloir discussions soignants PM hippo.L.wav;/Volumes/Sonotheque Raph 1/Hippocrate/SSeuls Hippo/Couloir voix bruyant
Couloir large anime discussions hp.L.wav;/Volumes/Sonotheque Raph 1/Hippocrate/SSeuls Hippo/Couloir voix bruyant
Couloir large bip et discussions hp.L.wav;/Volumes/Sonotheque Raph 1/Hippocrate/SSeuls Hippo/Couloir voix bruyant
Couloir large discussions comprehensibles hp.L.wav;/Volumes/Sonotheque Raph 1/Hippocrate/SSeuls Hippo/Couloir voix bruyant
Couloir large discussions off hp.L.wav;/Volumes/Sonotheque Raph 1/Hippocrate/SSeuls Hippo/Couloir voix bruyant
Couloir large ventil et passages hp.L.wav;/Volumes/Sonotheque Raph 1/Hippocrate/SSeuls Hippo/Couloir voix bruyant
couloir passages agite discussions hippo.L.wav;/Volumes/Sonotheque Raph 1/Hippocrate/SSeuls Hippo/Couloir voix bruyant
couloir rev discussions rangement hp.L.wav;/Volumes/Sonotheque Raph 1/Hippocrate/SSeuls Hippo/Couloir voix bruyant
Dr House.aiff;/Volumes/Sonotheque Raph 1/Hippocrate/SSeuls Hippo
Dr House_Arret recherche.aiff;/Volumes/Sonotheque Raph 1/Hippocrate/SSeuls Hippo
Dr House_Passage musical.aiff;/Volumes/Sonotheque Raph 1/Hippocrate/SSeuls Hippo
Allumage neon chambre bof hp.L.wav;/Volumes/Sonotheque Raph 1/Hippocrate/SSeuls Hippo/electrique
Allumage neon PL joli hp.L.wav;/Volumes/Sonotheque Raph 1/Hippocrate/SSeuls Hippo/electrique
Buzz electric GP cage escalier hp.L.wav;/Volumes/Sonotheque Raph 1/Hippocrate/SSeuls Hippo/electrique
Buzz electric PM cage escalier hp.L.wav;/Volumes/Sonotheque Raph 1/Hippocrate/SSeuls Hippo/electrique
Buzz neon couloir et circul ambulance hp.L.wav;/Volumes/Sonotheque Raph 1/Hippocrate/SSeuls Hippo/electrique
Interrupteur plastique chambre hp.wav;/Volumes/Sonotheque Raph 1/Hippocrate/SSeuls Hippo/electrique
Neon buzz GP hippo.L.wav;/Volumes/Sonotheque Raph 1/Hippocrate/SSeuls Hippo/electrique
Couloir hall large agite bruyant 1 hp.L.wav;/Volumes/Sonotheque Raph 1/Hippocrate/SSeuls Hippo/Hall rev
Couloir hall large agite bruyant 2 hp.L.wav;/Volumes/Sonotheque Raph 1/Hippocrate/SSeuls Hippo/Hall rev
Hall accueil rev activite voix bruyant hp.L.wav;/Volumes/Sonotheque Raph 1/Hippocrate/SSeuls Hippo/Hall rev
Hall accueil rev activite voix pas hp.L.wav;/Volumes/Sonotheque Raph 1/Hippocrate/SSeuls Hippo/Hall rev
Hall accueil rev et agite bof hp.L.wav;/Volumes/Sonotheque Raph 1/Hippocrate/SSeuls Hippo/Hall rev
Hall accueil rev standart telephone hp.L.wav;/Volumes/Sonotheque Raph 1/Hippocrate/SSeuls Hippo/Hall rev
Hall accueil tres rev bruyant hp.L.wav;/Volumes/Sonotheque Raph 1/Hippocrate/SSeuls Hippo/Hall rev
Hall accueil voix activitee PL hippo.L.wav;/Volumes/Sonotheque Raph 1/Hippocrate/SSeuls Hippo/Hall rev
Hall calme large pas voix hp.L.wav;/Volumes/Sonotheque Raph 1/Hippocrate/SSeuls Hippo/Hall rev
Hall d'accueil reverb HP.L.wav;/Volumes/Sonotheque Raph 1/Hippocrate/SSeuls Hippo/Hall rev
Hall guichet bruyant agite 2 hp.L.wav;/Volumes/Sonotheque Raph 1/Hippocrate/SSeuls Hippo/Hall rev
Hall guichet bruyant agite hp.L.wav;/Volumes/Sonotheque Raph 1/Hippocrate/SSeuls Hippo/Hall rev
Porte battante couloir hippo.wav;/Volumes/Sonotheque Raph 1/Hippocrate/SSeuls Hippo/Portes
Porte battante PM hp.wav;/Volumes/Sonotheque Raph 1/Hippocrate/SSeuls Hippo/Portes
Porte battante PR hp.wav;/Volumes/Sonotheque Raph 1/Hippocrate/SSeuls Hippo/Portes
Porte battante ressort hp.wav;/Volumes/Sonotheque Raph 1/Hippocrate/SSeuls Hippo/Portes
Porte chambre patient hp.L.wav;/Volumes/Sonotheque Raph 1/Hippocrate/SSeuls Hippo/Portes
Porte pleine chambre hippo.wav;/Volumes/Sonotheque Raph 1/Hippocrate/SSeuls Hippo/Portes
Porte poignee chambre hippo.wav;/Volumes/Sonotheque Raph 1/Hippocrate/SSeuls Hippo/Portes
Porte vitree bureau des internes hp.L.wav;/Volumes/Sonotheque Raph 1/Hippocrate/SSeuls Hippo/Portes
Porte vitree bureau des internes hp.wav;/Volumes/Sonotheque Raph 1/Hippocrate/SSeuls Hippo/Portes
Porte vitree chambre avec store hp.L.wav;/Volumes/Sonotheque Raph 1/Hippocrate/SSeuls Hippo/Portes
Porte vitree chambre avec store PR hp.L.wav;/Volumes/Sonotheque Raph 1/Hippocrate/SSeuls Hippo/Portes
Porte vitree chambre depuis couloir hp.wav;/Volumes/Sonotheque Raph 1/Hippocrate/SSeuls Hippo/Portes
Porte vitree chambre int hp.wav;/Volumes/Sonotheque Raph 1/Hippocrate/SSeuls Hippo/Portes
Porte vitree frotte hippo.wav;/Volumes/Sonotheque Raph 1/Hippocrate/SSeuls Hippo/Portes
Porte vitree PL hp.wav;/Volumes/Sonotheque Raph 1/Hippocrate/SSeuls Hippo/Portes
039 figu dans le hall 1.L.wav;/Volumes/Sonotheque Raph 1/Hippocrate/SSeuls Hippo/reception
039 figu dans le hall 2.L.wav;/Volumes/Sonotheque Raph 1/Hippocrate/SSeuls Hippo/reception
039 figu dans le hall 3.L.wav;/Volumes/Sonotheque Raph 1/Hippocrate/SSeuls Hippo/reception
046 discussion guichet.L.wav;/Volumes/Sonotheque Raph 1/Hippocrate/SSeuls Hippo/reception
046 discussion off.wav;/Volumes/Sonotheque Raph 1/Hippocrate/SSeuls Hippo/reception
Clavier ordi reception hp.wav;/Volumes/Sonotheque Raph 1/Hippocrate/SSeuls Hippo/reception
Conversation telephonique reception hp.wav;/Volumes/Sonotheque Raph 1/Hippocrate/SSeuls Hippo/reception
Couloir mat accueil activite voix passage 2 hp.L.wav;/Volumes/Sonotheque Raph 1/Hippocrate/SSeuls Hippo/reception
Couloir mat accueil activite voix passage hp.L.wav;/Volumes/Sonotheque Raph 1/Hippocrate/SSeuls Hippo/reception
Couloir mat activite voix off passage  hp.L.wav;/Volumes/Sonotheque Raph 1/Hippocrate/SSeuls Hippo/reception
Couloir mat discussions off bureau et passages TGP1 hp.1.L.wav;/Volumes/Sonotheque Raph 1/Hippocrate/SSeuls Hippo/reception
Couloir mat discussions off bureau et passages TGP1 hp.2.L.wav;/Volumes/Sonotheque Raph 1/Hippocrate/SSeuls Hippo/reception
Couloir mat discussions off bureau et passages TGP1 hp.L.wav;/Volumes/Sonotheque Raph 1/Hippocrate/SSeuls Hippo/reception
salle attente discussions GP hippo.L.wav;/Volumes/Sonotheque Raph 1/Hippocrate/SSeuls Hippo/reception
salle attente discussions PR hippo.L.wav;/Volumes/Sonotheque Raph 1/Hippocrate/SSeuls Hippo/reception
salle attente grosse activite PR hippo.L.wav;/Volumes/Sonotheque Raph 1/Hippocrate/SSeuls Hippo/reception
Tampon reception hp.wav;/Volumes/Sonotheque Raph 1/Hippocrate/SSeuls Hippo/reception
011 refectoire seq.C1.wav;/Volumes/Sonotheque Raph 1/Hippocrate/SSeuls Hippo/Refectoire
011 refectoire seq.C2.wav;/Volumes/Sonotheque Raph 1/Hippocrate/SSeuls Hippo/Refectoire
011 refectoire seq.L.wav;/Volumes/Sonotheque Raph 1/Hippocrate/SSeuls Hippo/Refectoire
034 brouhaha.L.wav;/Volumes/Sonotheque Raph 1/Hippocrate/SSeuls Hippo/Refectoire
034 refectoire self.L.wav;/Volumes/Sonotheque Raph 1/Hippocrate/SSeuls Hippo/Refectoire
068 brouhaha raccord.C2.wav;/Volumes/Sonotheque Raph 1/Hippocrate/SSeuls Hippo/Refectoire
068 brouhaha raccord.L.wav;/Volumes/Sonotheque Raph 1/Hippocrate/SSeuls Hippo/Refectoire
refectoire self service hp.L.wav;/Volumes/Sonotheque Raph 1/Hippocrate/SSeuls Hippo/Refectoire
refectoire tres reverb bruyant 2 bof hp.L.wav;/Volumes/Sonotheque Raph 1/Hippocrate/SSeuls Hippo/Refectoire
refectoire tres reverb bruyant bof hp.L.wav;/Volumes/Sonotheque Raph 1/Hippocrate/SSeuls Hippo/Refectoire
043 circul racc cage escalier.L.wav;/Volumes/Sonotheque Raph 1/Hippocrate/SSeuls Hippo/Rumeur circul int
082 rumeur chambre A.L.wav;/Volumes/Sonotheque Raph 1/Hippocrate/SSeuls Hippo/Rumeur circul int
082 rumeur chambre B.L.wav;/Volumes/Sonotheque Raph 1/Hippocrate/SSeuls Hippo/Rumeur circul int
bureau des internes circul douce hp.L.wav;/Volumes/Sonotheque Raph 1/Hippocrate/SSeuls Hippo/Rumeur circul int
Circul douce metro int bureau internes hp.L.wav;/Volumes/Sonotheque Raph 1/Hippocrate/SSeuls Hippo/Rumeur circul int
Circul douce ventil chambre richard hp.L.wav;/Volumes/Sonotheque Raph 1/Hippocrate/SSeuls Hippo/Rumeur circul int
couloir escalier circul metro aerien.L.wav;/Volumes/Sonotheque Raph 1/Hippocrate/SSeuls Hippo/Rumeur circul int
Rumeur circul int chambre abdel hippo.L.wav;/Volumes/Sonotheque Raph 1/Hippocrate/SSeuls Hippo/Rumeur circul int
Rumeur rue ambulance int bureau barrois hippo.L.wav;/Volumes/Sonotheque Raph 1/Hippocrate/SSeuls Hippo/Rumeur circul int
Rumeur rue int chambre abdel fenetre ouv hippo.L.wav;/Volumes/Sonotheque Raph 1/Hippocrate/SSeuls Hippo/Rumeur circul int
Rumeur rue metro int bureau barrois hippo.L.wav;/Volumes/Sonotheque Raph 1/Hippocrate/SSeuls Hippo/Rumeur circul int
Rumeur rue voix 2 int bureau barrois hippo.L.wav;/Volumes/Sonotheque Raph 1/Hippocrate/SSeuls Hippo/Rumeur circul int
Rumeur rue voix int bureau barrois hippo.L.wav;/Volumes/Sonotheque Raph 1/Hippocrate/SSeuls Hippo/Rumeur circul int
Ventile bureau des internes 1 hp.L.wav;/Volumes/Sonotheque Raph 1/Hippocrate/SSeuls Hippo/Rumeur circul int
Ventile bureau des internes freq grave hp.L.wav;/Volumes/Sonotheque Raph 1/Hippocrate/SSeuls Hippo/Rumeur circul int
01 klaxon fenwick.wav;/Volumes/Sonotheque Raph 1/Hippocrate/SSeuls Hippo/sequences
01-7 marche couloir 2.wav;/Volumes/Sonotheque Raph 1/Hippocrate/SSeuls Hippo/sequences
01-7 marche couloir.wav;/Volumes/Sonotheque Raph 1/Hippocrate/SSeuls Hippo/sequences
0100 machine medicale bip A.L.wav;/Volumes/Sonotheque Raph 1/Hippocrate/SSeuls Hippo/sequences
0100 machine medicale bip B.L.wav;/Volumes/Sonotheque Raph 1/Hippocrate/SSeuls Hippo/sequences
0100 respirateur PL A.L.wav;/Volumes/Sonotheque Raph 1/Hippocrate/SSeuls Hippo/sequences
0100 respirateur PLB.L.wav;/Volumes/Sonotheque Raph 1/Hippocrate/SSeuls Hippo/sequences
0100 silence couloir.L.wav;/Volumes/Sonotheque Raph 1/Hippocrate/SSeuls Hippo/sequences
0100 silence presences couloir.L.wav;/Volumes/Sonotheque Raph 1/Hippocrate/SSeuls Hippo/sequences
0104 machine bip raccord.L.wav;/Volumes/Sonotheque Raph 1/Hippocrate/SSeuls Hippo/sequences
0105 deplacement benjamin.wav;/Volumes/Sonotheque Raph 1/Hippocrate/SSeuls Hippo/sequences
0105 sil raccord lingerie.wav;/Volumes/Sonotheque Raph 1/Hippocrate/SSeuls Hippo/sequences
0106 rouling travelling.L.wav;/Volumes/Sonotheque Raph 1/Hippocrate/SSeuls Hippo/sequences
011 refectoire seq.C1.wav;/Volumes/Sonotheque Raph 1/Hippocrate/SSeuls Hippo/sequences
011 refectoire seq.C2.wav;/Volumes/Sonotheque Raph 1/Hippocrate/SSeuls Hippo/sequences
011 refectoire seq.L.wav;/Volumes/Sonotheque Raph 1/Hippocrate/SSeuls Hippo/sequences
012 amb raccord.L.wav;/Volumes/Sonotheque Raph 1/Hippocrate/SSeuls Hippo/sequences
012 deplacement couloir bipiste.L.wav;/Volumes/Sonotheque Raph 1/Hippocrate/SSeuls Hippo/sequences
012 deplacement couloir chambre bipiste.L.wav;/Volumes/Sonotheque Raph 1/Hippocrate/SSeuls Hippo/sequences
014 passage lustreuse.L.wav;/Volumes/Sonotheque Raph 1/Hippocrate/SSeuls Hippo/sequences
015 deplacement benj couloir bipi1.L.wav;/Volumes/Sonotheque Raph 1/Hippocrate/SSeuls Hippo/sequences
015 deplacement benj couloir bipi2.L.wav;/Volumes/Sonotheque Raph 1/Hippocrate/SSeuls Hippo/sequences
016 discussion 2.wav;/Volumes/Sonotheque Raph 1/Hippocrate/SSeuls Hippo/sequences
016 discussion.wav;/Volumes/Sonotheque Raph 1/Hippocrate/SSeuls Hippo/sequences
016 discussion3.wav;/Volumes/Sonotheque Raph 1/Hippocrate/SSeuls Hippo/sequences
016 sil raccord.wav;/Volumes/Sonotheque Raph 1/Hippocrate/SSeuls Hippo/sequences
016 tv docteur house.L.wav;/Volumes/Sonotheque Raph 1/Hippocrate/SSeuls Hippo/sequences
019 discussion telephone.L.wav;/Volumes/Sonotheque Raph 1/Hippocrate/SSeuls Hippo/sequences
02 discussions lingerie.wav;/Volumes/Sonotheque Raph 1/Hippocrate/SSeuls Hippo/sequences
02 marche benjamin.wav;/Volumes/Sonotheque Raph 1/Hippocrate/SSeuls Hippo/sequences
02 sil raccord.wav;/Volumes/Sonotheque Raph 1/Hippocrate/SSeuls Hippo/sequences
020 bonjour.wav;/Volumes/Sonotheque Raph 1/Hippocrate/SSeuls Hippo/sequences
020 passage chariot.wav;/Volumes/Sonotheque Raph 1/Hippocrate/SSeuls Hippo/sequences
023 sil raccord bipiste.L.wav;/Volumes/Sonotheque Raph 1/Hippocrate/SSeuls Hippo/sequences
023 sil raccord.wav;/Volumes/Sonotheque Raph 1/Hippocrate/SSeuls Hippo/sequences
028 respir mme richard.wav;/Volumes/Sonotheque Raph 1/Hippocrate/SSeuls Hippo/sequences
028 sortie benjamin.wav;/Volumes/Sonotheque Raph 1/Hippocrate/SSeuls Hippo/sequences
029 sil raccord bipiste.L.wav;/Volumes/Sonotheque Raph 1/Hippocrate/SSeuls Hippo/sequences
03 amb figu couloir 1.L.wav;/Volumes/Sonotheque Raph 1/Hippocrate/SSeuls Hippo/sequences
03 amb figu couloir 2.L.wav;/Volumes/Sonotheque Raph 1/Hippocrate/SSeuls Hippo/sequences
03 amb figu salle 1.L.wav;/Volumes/Sonotheque Raph 1/Hippocrate/SSeuls Hippo/sequences
03 amb figu salle 2.L.wav;/Volumes/Sonotheque Raph 1/Hippocrate/SSeuls Hippo/sequences
03 replique infirmieres.L.wav;/Volumes/Sonotheque Raph 1/Hippocrate/SSeuls Hippo/sequences
030 sil raccord chambre richard.L.wav;/Volumes/Sonotheque Raph 1/Hippocrate/SSeuls Hippo/sequences
030 sil raccord chambre richard2.L.wav;/Volumes/Sonotheque Raph 1/Hippocrate/SSeuls Hippo/sequences
031 passage chariot.L.wav;/Volumes/Sonotheque Raph 1/Hippocrate/SSeuls Hippo/sequences
031 sil raccord.L.wav;/Volumes/Sonotheque Raph 1/Hippocrate/SSeuls Hippo/sequences
034 brouhaha.L.wav;/Volumes/Sonotheque Raph 1/Hippocrate/SSeuls Hippo/sequences
034 refectoire self.L.wav;/Volumes/Sonotheque Raph 1/Hippocrate/SSeuls Hippo/sequences
039 figu dans le hall 1.L.wav;/Volumes/Sonotheque Raph 1/Hippocrate/SSeuls Hippo/sequences
039 figu dans le hall 2.L.wav;/Volumes/Sonotheque Raph 1/Hippocrate/SSeuls Hippo/sequences
039 figu dans le hall 3.L.wav;/Volumes/Sonotheque Raph 1/Hippocrate/SSeuls Hippo/sequences
039 sil raccord.wav;/Volumes/Sonotheque Raph 1/Hippocrate/SSeuls Hippo/sequences
040 repliques.L.wav;/Volumes/Sonotheque Raph 1/Hippocrate/SSeuls Hippo/sequences
042 partie baby foot.L.wav;/Volumes/Sonotheque Raph 1/Hippocrate/SSeuls Hippo/sequences
042 partie baby foot2.L.wav;/Volumes/Sonotheque Raph 1/Hippocrate/SSeuls Hippo/sequences
042 partie baby foot3.L.wav;/Volumes/Sonotheque Raph 1/Hippocrate/SSeuls Hippo/sequences
043 circul racc cage escalier.L.wav;/Volumes/Sonotheque Raph 1/Hippocrate/SSeuls Hippo/sequences
044 brouhaha doux accueil.L.wav;/Volumes/Sonotheque Raph 1/Hippocrate/SSeuls Hippo/sequences
045 repet seq.L.wav;/Volumes/Sonotheque Raph 1/Hippocrate/SSeuls Hippo/sequences
045 repet seqa.L.wav;/Volumes/Sonotheque Raph 1/Hippocrate/SSeuls Hippo/sequences
045 repet seqb.L.wav;/Volumes/Sonotheque Raph 1/Hippocrate/SSeuls Hippo/sequences
046 discussion guichet.L.wav;/Volumes/Sonotheque Raph 1/Hippocrate/SSeuls Hippo/sequences
046 discussion off.wav;/Volumes/Sonotheque Raph 1/Hippocrate/SSeuls Hippo/sequences
046 sil raccord.L.wav;/Volumes/Sonotheque Raph 1/Hippocrate/SSeuls Hippo/sequences
047 090 sil raccord.L.wav;/Volumes/Sonotheque Raph 1/Hippocrate/SSeuls Hippo/sequences
048 sil raccord.L.wav;/Volumes/Sonotheque Raph 1/Hippocrate/SSeuls Hippo/sequences
05 amb raccord bipiste.L.wav;/Volumes/Sonotheque Raph 1/Hippocrate/SSeuls Hippo/sequences
050 replique.wav;/Volumes/Sonotheque Raph 1/Hippocrate/SSeuls Hippo/sequences
050 sil raccord.L.wav;/Volumes/Sonotheque Raph 1/Hippocrate/SSeuls Hippo/sequences
051 deplacement abdel.wav;/Volumes/Sonotheque Raph 1/Hippocrate/SSeuls Hippo/sequences
051 discussion figu.wav;/Volumes/Sonotheque Raph 1/Hippocrate/SSeuls Hippo/sequences
053 sil raccord.L.wav;/Volumes/Sonotheque Raph 1/Hippocrate/SSeuls Hippo/sequences
054 conversation reception.wav;/Volumes/Sonotheque Raph 1/Hippocrate/SSeuls Hippo/sequences
055 sil raccord.L.wav;/Volumes/Sonotheque Raph 1/Hippocrate/SSeuls Hippo/sequences
056 sil raccord.L.wav;/Volumes/Sonotheque Raph 1/Hippocrate/SSeuls Hippo/sequences
057 discussion figu.wav;/Volumes/Sonotheque Raph 1/Hippocrate/SSeuls Hippo/sequences
06 fond raccord.wav;/Volumes/Sonotheque Raph 1/Hippocrate/SSeuls Hippo/sequences
06 gemissements ponction.wav;/Volumes/Sonotheque Raph 1/Hippocrate/SSeuls Hippo/sequences
060 sil raccord et passages pas.L.wav;/Volumes/Sonotheque Raph 1/Hippocrate/SSeuls Hippo/sequences
062 figu brouhaha fete off.L.wav;/Volumes/Sonotheque Raph 1/Hippocrate/SSeuls Hippo/sequences
062 figu brouhaha fete.L.wav;/Volumes/Sonotheque Raph 1/Hippocrate/SSeuls Hippo/sequences
062 repliques.wav;/Volumes/Sonotheque Raph 1/Hippocrate/SSeuls Hippo/sequences
062 repliques2.wav;/Volumes/Sonotheque Raph 1/Hippocrate/SSeuls Hippo/sequences
063 sil raccord.L.wav;/Volumes/Sonotheque Raph 1/Hippocrate/SSeuls Hippo/sequences
064 passage chariot.wav;/Volumes/Sonotheque Raph 1/Hippocrate/SSeuls Hippo/sequences
068 brouhaha raccord.C2.wav;/Volumes/Sonotheque Raph 1/Hippocrate/SSeuls Hippo/sequences
068 brouhaha raccord.L.wav;/Volumes/Sonotheque Raph 1/Hippocrate/SSeuls Hippo/sequences
07 raccord rumeur.L.wav;/Volumes/Sonotheque Raph 1/Hippocrate/SSeuls Hippo/sequences
07 rumeur racc avec passage bipiste.L.wav;/Volumes/Sonotheque Raph 1/Hippocrate/SSeuls Hippo/sequences
071 repliques.L.wav;/Volumes/Sonotheque Raph 1/Hippocrate/SSeuls Hippo/sequences
072 repliques telephone.wav;/Volumes/Sonotheque Raph 1/Hippocrate/SSeuls Hippo/sequences
073 alarme machine medicale bip.L.wav;/Volumes/Sonotheque Raph 1/Hippocrate/SSeuls Hippo/sequences
073 alarme machine medicale complexe.L.wav;/Volumes/Sonotheque Raph 1/Hippocrate/SSeuls Hippo/sequences
073 alarme machine medicale respi bip.L.wav;/Volumes/Sonotheque Raph 1/Hippocrate/SSeuls Hippo/sequences
073 alarme machine medicale respirateur GP.L.wav;/Volumes/Sonotheque Raph 1/Hippocrate/SSeuls Hippo/sequences
073 alarme machine medicale respirateur.L.wav;/Volumes/Sonotheque Raph 1/Hippocrate/SSeuls Hippo/sequences
073 alarme machine medicale ronronne.L.wav;/Volumes/Sonotheque Raph 1/Hippocrate/SSeuls Hippo/sequences
073 alarme machine medicale scope.L.wav;/Volumes/Sonotheque Raph 1/Hippocrate/SSeuls Hippo/sequences
073 deplacement benjamin.L.wav;/Volumes/Sonotheque Raph 1/Hippocrate/SSeuls Hippo/sequences
073 repliques bonjour A.L.wav;/Volumes/Sonotheque Raph 1/Hippocrate/SSeuls Hippo/sequences
073 repliques bonjour B.L.wav;/Volumes/Sonotheque Raph 1/Hippocrate/SSeuls Hippo/sequences
073 repliques equipe rea A.L.wav;/Volumes/Sonotheque Raph 1/Hippocrate/SSeuls Hippo/sequences
073 repliques equipe rea B.L.wav;/Volumes/Sonotheque Raph 1/Hippocrate/SSeuls Hippo/sequences
073 repliques equipe rea infirmieres.L.wav;/Volumes/Sonotheque Raph 1/Hippocrate/SSeuls Hippo/sequences
075 rumeur raccord.L.wav;/Volumes/Sonotheque Raph 1/Hippocrate/SSeuls Hippo/sequences
076 raccord machine chambre .L.wav;/Volumes/Sonotheque Raph 1/Hippocrate/SSeuls Hippo/sequences
076 raccord machine chambre bipiste.L.wav;/Volumes/Sonotheque Raph 1/Hippocrate/SSeuls Hippo/sequences
080 b sil raccord.wav;/Volumes/Sonotheque Raph 1/Hippocrate/SSeuls Hippo/sequences
081 machine respirateur A.L.wav;/Volumes/Sonotheque Raph 1/Hippocrate/SSeuls Hippo/sequences
081 machine respirateur B.L.wav;/Volumes/Sonotheque Raph 1/Hippocrate/SSeuls Hippo/sequences
081 machine seringue electrique bip A.L.wav;/Volumes/Sonotheque Raph 1/Hippocrate/SSeuls Hippo/sequences
081 machine seringue electrique bip B.L.wav;/Volumes/Sonotheque Raph 1/Hippocrate/SSeuls Hippo/sequences
082 rumeur chambre A.L.wav;/Volumes/Sonotheque Raph 1/Hippocrate/SSeuls Hippo/sequences
082 rumeur chambre B.L.wav;/Volumes/Sonotheque Raph 1/Hippocrate/SSeuls Hippo/sequences
086 fete brouhaha.L.wav;/Volumes/Sonotheque Raph 1/Hippocrate/SSeuls Hippo/sequences
087 brouhaha bar.L.wav;/Volumes/Sonotheque Raph 1/Hippocrate/SSeuls Hippo/sequences
09 repet bipiste1.L.wav;/Volumes/Sonotheque Raph 1/Hippocrate/SSeuls Hippo/sequences
09 repet bipiste2.L.wav;/Volumes/Sonotheque Raph 1/Hippocrate/SSeuls Hippo/sequences
09 repet bipiste3.L.wav;/Volumes/Sonotheque Raph 1/Hippocrate/SSeuls Hippo/sequences
09 repet bipiste4.wav;/Volumes/Sonotheque Raph 1/Hippocrate/SSeuls Hippo/sequences
09 tsunami chuchote.L.wav;/Volumes/Sonotheque Raph 1/Hippocrate/SSeuls Hippo/sequences
090 rumeur raccord int.L.wav;/Volumes/Sonotheque Raph 1/Hippocrate/SSeuls Hippo/sequences
091 deplacement.wav;/Volumes/Sonotheque Raph 1/Hippocrate/SSeuls Hippo/sequences
094 repliques clients bar.L.wav;/Volumes/Sonotheque Raph 1/Hippocrate/SSeuls Hippo/sequences
094 repliques clients bar2A.L.wav;/Volumes/Sonotheque Raph 1/Hippocrate/SSeuls Hippo/sequences
094 repliques clients bar2B.L.wav;/Volumes/Sonotheque Raph 1/Hippocrate/SSeuls Hippo/sequences
094 sil raccord bar.L.wav;/Volumes/Sonotheque Raph 1/Hippocrate/SSeuls Hippo/sequences
095 sil raccord.L.wav;/Volumes/Sonotheque Raph 1/Hippocrate/SSeuls Hippo/sequences
096 deplacement.wav;/Volumes/Sonotheque Raph 1/Hippocrate/SSeuls Hippo/sequences
096 sil raccord.L.wav;/Volumes/Sonotheque Raph 1/Hippocrate/SSeuls Hippo/sequences
098 rots.wav;/Volumes/Sonotheque Raph 1/Hippocrate/SSeuls Hippo/sequences
098 seq repliques.L.wav;/Volumes/Sonotheque Raph 1/Hippocrate/SSeuls Hippo/sequences
099 c amb raccord ext.L.wav;/Volumes/Sonotheque Raph 1/Hippocrate/SSeuls Hippo/sequences
099 coups porte.wav;/Volumes/Sonotheque Raph 1/Hippocrate/SSeuls Hippo/sequences
099 course benjamin.L.wav;/Volumes/Sonotheque Raph 1/Hippocrate/SSeuls Hippo/sequences
099 sil raccord couloir.L.wav;/Volumes/Sonotheque Raph 1/Hippocrate/SSeuls Hippo/sequences
Couloir incinerateur sous sol rev ventile hp.L.wav;/Volumes/Sonotheque Raph 1/Hippocrate/SSeuls Hippo/Sous sol ventile
Couloir incinerateur sous sol TG ventile hp.L.wav;/Volumes/Sonotheque Raph 1/Hippocrate/SSeuls Hippo/Sous sol ventile
Couloir sous sol bo passage rev choc hp.L.wav;/Volumes/Sonotheque Raph 1/Hippocrate/SSeuls Hippo/Sous sol ventile
Couloir sous sol buzz incinerateur hop.L.wav;/Volumes/Sonotheque Raph 1/Hippocrate/SSeuls Hippo/Sous sol ventile
Couloir sous sol calme ventil rev choc hp.L.wav;/Volumes/Sonotheque Raph 1/Hippocrate/SSeuls Hippo/Sous sol ventile
Couloir sous sol grosse ventile rev hp.L.wav;/Volumes/Sonotheque Raph 1/Hippocrate/SSeuls Hippo/Sous sol ventile
Couloir sous sol machinerie ascenseur rev choc hp.L.wav;/Volumes/Sonotheque Raph 1/Hippocrate/SSeuls Hippo/Sous sol ventile
Couloir sous sol rev bo choc hp.L.wav;/Volumes/Sonotheque Raph 1/Hippocrate/SSeuls Hippo/Sous sol ventile
Couloir sous sol rev choc 2 hp.L.wav;/Volumes/Sonotheque Raph 1/Hippocrate/SSeuls Hippo/Sous sol ventile
Couloir sous sol rev choc calme hp.L.wav;/Volumes/Sonotheque Raph 1/Hippocrate/SSeuls Hippo/Sous sol ventile
Couloir sous sol rev choc hp.L.wav;/Volumes/Sonotheque Raph 1/Hippocrate/SSeuls Hippo/Sous sol ventile
Couloir sous sol rev choc t calme hp.L.wav;/Volumes/Sonotheque Raph 1/Hippocrate/SSeuls Hippo/Sous sol ventile
Couloir sous sol rev hp.L.wav;/Volumes/Sonotheque Raph 1/Hippocrate/SSeuls Hippo/Sous sol ventile
Grosse ventilation activité off hp.L.wav;/Volumes/Sonotheque Raph 1/Hippocrate/SSeuls Hippo/Sous sol ventile
