presence  humaine cage escalier apart .L.wav;/Volumes/Sonotheque Raph 1/Autres films/ prise de son homm libre/deplacement int /presence off
SILENCE INT APPART (paris.L.wav;
ecoulement eau discret+ fond robinet .L.wav;/Volumes/Sonotheque Raph 1/Autres films/ prise de son homm libre/eau 
fond air cave .L.wav;/Volumes/Sonotheque Raph 1/Autres films/ prise de son homm libre/fond air
voix hom comissariat off .L.wav;/Volumes/Sonotheque Raph 1/Autres films/ prise de son homm libre/humain int 
activitee bar rangement .L.wav;/Volumes/Sonotheque Raph 1/Autres films/ prise de son homm libre/vaisselle
Club Muscu R Brouhaha Discution Rires Hommes PM.L.wav;/Volumes/Sonotheque Raph 1/Autres films/ Salle de Muscu Raphael
Fond Air Labo ventil+Rev.L.wav;/Volumes/Sonotheque Raph 1/Autres films/52_SORTIE_OMF1_20juin/Audio Files
Pluie int rafales contre vitre-EFRT_01.L.wav;/Volumes/Sonotheque Raph 1/Autres films/52_SORTIE_OMF1_20juin/Audio Files
Hopital Bureau Infirmier Bureautique Preparation de dossier activitee off 5-1.wav;/Volumes/Sonotheque Raph 1/Hippocrate/Hopital St ANtoine 5-1/Bureau Infirmier
Hopital Chambre porte ouverte Medecin visite Malade 5-1.wav;/Volumes/Sonotheque Raph 1/Hippocrate/Hopital St ANtoine 5-1/Chambre
Hopital Conversation Off derrière porte coupe feu 2 5-1.wav;/Volumes/Sonotheque Raph 1/Hippocrate/Hopital St ANtoine 5-1/Couloir
FI buzz neon couloir de service sous sol 2 5-1.wav;/Volumes/Sonotheque Raph 1/Hippocrate/Hopital St ANtoine 5-1/Fond Int Neutre
Hopital Fond Int Chambre Vide 2 5-1.wav;/Volumes/Sonotheque Raph 1/Hippocrate/Hopital St ANtoine 5-1/Fond Int Neutre
COULOIR calme fd vx WT47.L.wav;/Volumes/Sonotheque Raph 1/Hippocrate/Sono pour hippo/couloir
Couloir discussions bureau internes off 1 hp.L.wav;/Volumes/Sonotheque Raph 1/Hippocrate/SSeuls Hippo/Couloir voix bruyant
APF09-56 Restaurant - petite foule - voix - bruit de vaisselle.wav;
APF09-59 Restaurant - foule bruyante - enfants au loin.wav;
TCF04-05 Foule - dans une eglise - ambiance generale - les gens s'agenouillent - murmures.wav;
S7006-04 Parking souterrain - ambiance generale.wav;
Circul douce int appart g.L.wav;
Fond air int hall musee+v.L.wav;
Presence foule int reverb.L;
LE_BUREAU SIL INT OPEN SPACE ALLUMAGE N�_ONS PL.wav;
SIL CHAMBRE HOTEL.L.wav;/Volumes/Sonotheque Raph 1/Autres films/MANON20 ans_EP1_2_3_161107 MS/Audio Files
